G/V degree,Dischargem,Generator power,Mechanical power,Overall Eff,Mech Eff,Head,Predicted_Eff
35.0,0.7911,80.094,88.99333333333333,0.6788221627728875,0.7563052931244545,15.0,0.6788225688622646
35.0,0.8234,99.9,111.0,0.6827499305477492,0.7606813900187531,18.0,0.6827492673788116
35.0,0.8641,121.945,135.49444444444444,0.6500307058342221,0.7242274788254497,22.0,0.6500312528137568
55.0,0.9541,86.455,96.0611111111111,0.6040795918116867,0.6730313443058462,15.0,0.6040787488811229
50.0,0.9704,107.603,119.55888888888887,0.6258531038073142,0.6972901609374876,18.0,0.6258537218193096
45.0,0.9627,128.077,142.30777777777777,0.627558751907649,0.6991904976637099,22.0,0.6275582227288393
70.0,1.0135,75.668,84.07555555555557,0.5031442658202478,0.5605749080004396,15.0,0.5031449054765122
70.0,1.0789,101.081,112.31222222222222,0.5009652228271863,0.5581471414365633,19.0,0.5009648577629571
70.0,1.1234,120.787,134.20777777777778,0.4969555925948948,0.5536798380182918,22.0,0.4969558206153175
