method,n,seed,mae,rmse,r2,mape,bep_q_err,bep_h_err,bep_eff_err
Random,6,0,0.008194563575864684,0.010437573783111616,0.9710116712165785,1.3878892975283437,0.026800000000000046,1.0,0.009525390788415411
Random,6,1,0.009573115875936134,0.01290333381820406,0.9556975313227443,1.5717717329385594,0.02739999999999998,1.0,0.017164473172726957
Random,6,2,0.017069362535764916,0.027241142522183272,0.8025420162353791,3.105473637150802,0.02739999999999998,1.0,0.010360633400564478
Random,6,3,0.006291238461740152,0.009009745596392523,0.9784002304445442,0.9798044589240659,0.007600000000000051,1.0,0.00841625861427997
Random,6,4,0.01110774006307348,0.01737770647220304,0.9196457270601401,2.0020798183318607,0.02739999999999998,1.0,0.00010362576626687936
Random,6,5,0.004699279001815232,0.00782903001973281,0.9836905251261003,0.8324895201614314,0.02739999999999998,0.0,0.009936147207882495
Random,6,6,0.006665577068756259,0.008613649910860829,0.9802576660274874,1.1218070151542276,0.02739999999999998,1.0,0.0026288525004826147
Random,6,7,0.007124579163846678,0.008728618318997133,0.9797271378213989,1.1602344069989563,0.02739999999999998,0.0,0.0020792477006799093
Random,6,8,0.015733006809526082,0.0259465728446477,0.8208635078320785,2.9161640070297907,0.02739999999999998,0.0,0.0005971055565381356
Random,6,9,0.029408891176200665,0.046067861165713084,0.43529691536739745,5.422799930354491,0.04390000000000005,1.0,0.0157026940958791
Random,6,10,0.02033163503846532,0.032615175657715836,0.716949774571738,3.7072234397579673,0.02739999999999998,1.0,0.00596980624187482
Random,6,11,0.01853611691908906,0.03056985540077505,0.7513371938799454,3.410250192027528,0.007600000000000051,1.0,0.00528564494395245
Random,6,12,0.0065636480630835966,0.010658560770053643,0.9697711801282314,1.1817813854756696,0.007600000000000051,1.0,0.012555132063027274
Random,6,13,0.009668314780708455,0.011600567138383299,0.9641917987930358,1.5881134296710782,0.02739999999999998,1.0,0.00021072484032713668
Random,6,14,0.010021382365637913,0.01433780080215154,0.9452997708016796,1.7629184667468638,0.02739999999999998,1.0,0.0036338057244604816
Random,6,15,0.011521451712502498,0.015185932745002203,0.9386369404003897,2.010202146004039,0.007600000000000051,1.0,0.0016254664231788452
Random,6,16,0.01212123238456106,0.018706618029191838,0.9068860783048404,2.113399991979806,0.018299999999999983,1.0,0.009878062062707027
Random,6,17,0.008656878112255677,0.013381022633176615,0.9523566082024145,1.357329239090398,0.017000000000000015,3.0,0.025202785634022562
Random,6,18,0.021199408507458814,0.03603626355285686,0.6544558297125119,3.9463790886393206,0.018299999999999983,0.0,0.010056609723740118
Random,6,19,0.006657512551873041,0.008872880771266467,0.9790514796566242,1.0916776671081658,0.02739999999999998,1.0,0.01355767041977507
Random,8,0,0.003906915820397258,0.005203062376964465,0.992796523788724,0.6656510942794092,0.02739999999999998,1.0,0.004901132088578564
Random,8,1,0.009727161754478512,0.013279165804311469,0.9530791740442714,1.6827937398632888,0.02739999999999998,1.0,0.021194297956652175
Random,8,2,0.004584247839610354,0.006454644706359972,0.9889141564646456,0.7248348571129518,0.02739999999999998,0.0,0.01720732673318992
Random,8,3,0.002852766270877766,0.0044996278779854985,0.9946126243497575,0.45975262422356283,0.02739999999999998,1.0,0.0030637197048049014
Random,8,4,0.009320512263320039,0.012411274356125017,0.9590119919054219,1.5471573532386707,0.02739999999999998,1.0,0.0029394723451818816
Random,8,5,0.0029841442914233457,0.004664401820505051,0.9942108343877903,0.47484382386283225,0.02739999999999998,1.0,0.004498505116132034
Random,8,6,0.004735494214383832,0.007241430888967688,0.986046831406617,0.7687850927163544,0.007600000000000051,1.0,0.01819800830780771
Random,8,7,0.003060617744505111,0.004421890854355226,0.9947971644539777,0.5099987838902746,0.02739999999999998,1.0,0.007837566424580111
Random,8,8,0.004263994264405526,0.006746280125906532,0.987889758544503,0.7240061569080081,0.02739999999999998,0.0,0.00014065252286221686
Random,8,9,0.0059224083746379965,0.00952311541780154,0.9758686200795263,1.049111397240274,0.02739999999999998,1.0,0.01000061698806154
Random,8,10,0.004757127198120909,0.008182105848805332,0.9821862953133249,0.851822033633133,0.02739999999999998,1.0,0.000573584924253967
Random,8,11,0.003982583887764559,0.005675210493194954,0.9914298581634119,0.6469522325241618,0.02739999999999998,0.0,0.0005972897198519567
Random,8,12,0.004964358772341391,0.007641925705201884,0.9844607632430342,0.8686543417049469,0.02739999999999998,0.0,0.0005975874728936237
Random,8,13,0.013727339246150735,0.021067299200300166,0.8819022053343931,2.4694107592228516,0.0049000000000000155,2.0,0.01888852067433011
Random,8,14,0.00811033442030595,0.01254023231149991,0.9581558042235657,1.41966158836943,0.02739999999999998,0.0,0.013988192346319872
Random,8,15,0.010119361309438338,0.014599495871676735,0.9432847591648589,1.7729620030348516,0.0049000000000000155,2.0,0.012192869775313087
Random,8,16,0.004815399091131308,0.0069293475545741355,0.9872235926238666,0.7913861174791231,0.02739999999999998,1.0,0.011714601595183671
Random,8,17,0.0065624901442250085,0.009997038544901604,0.9734070330061947,1.152444928557261,0.0,1.0,0.017652730060543242
Random,8,18,0.007733100766468017,0.010698129685978847,0.969546320148905,1.2462667958131592,0.02739999999999998,0.0,0.024681279372938847
Random,8,19,0.004703637862666643,0.0065529951234419214,0.9885737492386154,0.752138034604889,0.02739999999999998,1.0,0.00664558226143841
Random,10,0,0.0030708584697574765,0.0045104498236631495,0.9945866790945318,0.5040376248517326,0.0,0.0,0.015117354263487037
Random,10,1,0.005826860977339979,0.008687635411067592,0.9799170625764141,0.9296375454963417,0.02739999999999998,0.0,0.017016574031277987
Random,10,2,0.0036068312385902366,0.0053144763855763315,0.9924847224447468,0.5835183911862647,0.02739999999999998,1.0,0.004804947618950006
Random,10,3,0.004797267325751459,0.007831603535320406,0.9836798010424724,0.8040035792474899,0.02739999999999998,1.0,0.013103564272415436
Random,10,4,0.00324535581949242,0.006259479753365292,0.9895744124565081,0.5070503038607589,0.02739999999999998,1.0,0.017351443735069028
Random,10,5,0.0111852238757533,0.020143514704877227,0.8920321231533483,2.0499065844181,0.007600000000000051,1.0,0.0035528699192682867
Random,10,6,0.005067507463240788,0.007448277509122271,0.9852383209052402,0.8556273943892967,0.02739999999999998,1.0,0.007130460559458318
Random,10,7,0.004080894311469178,0.006521603628469418,0.988682959747252,0.6685892184009794,0.02739999999999998,1.0,0.011805618055101164
Random,10,8,0.004386559907361768,0.006794348526802289,0.9877165686435662,0.747728858189125,0.02739999999999998,1.0,0.00048371662420620964
Random,10,9,0.004453032302248448,0.006659586442137388,0.988199006196648,0.70912072712542,0.02739999999999998,0.0,0.00968508529296841
Random,10,10,0.006222697049991574,0.008603725437578385,0.9803031332553112,1.047185674524656,0.02739999999999998,1.0,0.0065086578651948335
Random,10,11,0.003928709067750462,0.005894820828016899,0.9907537574875687,0.6071510957880337,0.02739999999999998,1.0,0.01420226592972984
Random,10,12,0.006218808973367864,0.009696673617775663,0.9749810190138279,1.0888277925727214,0.018299999999999983,0.0,0.004685402517504267
Random,10,13,0.007687688782019632,0.013173367931189997,0.9538238516184551,1.424557842552767,0.02739999999999998,0.0,0.007435081360027684
Random,10,14,0.0029656276654949857,0.00434961657713973,0.9949658516247111,0.48935677412427736,0.02739999999999998,0.0,0.0015517631562870227
Random,10,15,0.004129418140208011,0.007441729428059284,0.9852642646706473,0.6768338655147902,0.02739999999999998,1.0,0.011117075740651128
Random,10,16,0.005442321028435166,0.007160069282022574,0.9863586136035056,0.9328656010216991,0.007600000000000051,1.0,0.00841749077960341
Random,10,17,0.003370792608722516,0.005254602931646119,0.9926531043931534,0.5607211042705723,0.007600000000000051,1.0,0.011463935670094738
Random,10,18,0.0035320206902820176,0.005863155140010979,0.9908528282620355,0.5567429045276654,0.02739999999999998,1.0,0.012318246585867776
Random,10,19,0.0026798478580432627,0.004463209004033964,0.9946994795983264,0.42079111185073004,0.02739999999999998,1.0,0.006188026417254688
Random,12,0,0.008450302241188954,0.016304963419479363,0.9292602177006539,1.5631285320360768,0.007600000000000051,1.0,0.008938541583767057
Random,12,1,0.003840683351949616,0.0067034378277673915,0.9880430824939274,0.5948275970328916,0.02739999999999998,0.0,0.018156227563561722
Random,12,2,0.008118932365998806,0.012184650741683975,0.9604951668662474,1.4360451599238426,0.02739999999999998,0.0,0.010465824097094067
Random,12,3,0.003025567968009273,0.0043880673821451,0.9948764540307762,0.4997889681738119,0.026800000000000046,1.0,0.007968117160375154
Random,12,4,0.004597733603796144,0.0071784988149557975,0.9862882992199853,0.7605035103727554,0.02739999999999998,1.0,0.008383262621251442
Random,12,5,0.001947866302320877,0.003440614595879731,0.9968501047166928,0.31176010431474155,0.02739999999999998,1.0,7.0812237692452484e-06
Random,12,6,0.03498560345076908,0.05779894139538884,0.11107764147814136,6.553994624937992,0.02739999999999998,0.0,0.0012852571389927459
Random,12,7,0.005849112850431739,0.009128501740347926,0.9778270709796079,1.0511277104876635,0.02739999999999998,0.0,0.004692207178019103
Random,12,8,0.0038512083152748727,0.006275813053893393,0.9895199330337491,0.6345011573252215,0.02739999999999998,1.0,0.010211419961053791
Random,12,9,0.004091863732428761,0.006299152088308413,0.9894418397408762,0.6439821884278885,0.007600000000000051,1.0,0.008227546938311292
Random,12,10,0.002533192773295728,0.003873434794484182,0.9960077607490582,0.43351532699039574,0.02739999999999998,0.0,0.004500943092406451
Random,12,11,0.003533033827848769,0.005677540686902857,0.9914228190622604,0.564953072227711,0.007600000000000051,1.0,0.014121905162225779
Random,12,12,0.010554443047408,0.017433632446295925,0.9191276929630362,1.8987218617172281,0.007600000000000051,1.0,0.01030170534096475
Random,12,13,0.0024186889745942955,0.004574463395524141,0.9944319339947375,0.3801192777288861,0.02739999999999998,0.0,0.010109150348031726
Random,12,14,0.0022167891310282592,0.0033804659735619195,0.9969592746198785,0.35678099710796624,0.02739999999999998,0.0,0.008394460994953667
Random,12,15,0.008143027098222764,0.00987815372826433,0.9740357595448266,1.3658083051660639,0.02739999999999998,0.0,0.003062605879964986
Random,12,16,0.003518045452655907,0.00627590939928018,0.9895196112542929,0.6146042224783433,0.018299999999999983,0.0,0.004686198136856001
Random,12,17,0.0046023385809682744,0.007256361366415768,0.9859892344376289,0.7563670242368082,0.02739999999999998,1.0,0.013428533982627222
Random,12,18,0.0028336903985854167,0.00523709210856933,0.9927019894674993,0.46491295105402936,0.02739999999999998,1.0,0.011790200332111422
Random,12,19,0.002626881743883849,0.004289659671307524,0.9951036806341231,0.41910187685257555,0.02739999999999998,1.0,0.0133928998727455
Random,14,0,0.0038416888152116393,0.00563867131016944,0.991539858631059,0.6459352068096212,0.007600000000000051,1.0,0.014270369216430323
Random,14,1,0.00257131770493655,0.003783965563703465,0.9961900575800738,0.4206521900035036,0.02739999999999998,0.0,0.005541950291477971
Random,14,2,0.007250300410853903,0.01181003068573781,0.9628869955730972,1.2568021806918448,0.02739999999999998,1.0,0.01794188932893681
Random,14,3,0.001503102154999231,0.0026827332341353228,0.998084954750285,0.23438403247765613,0.02739999999999998,0.0,0.006646202316350602
Random,14,4,0.0033385548387482675,0.005338727948860784,0.9924159769791877,0.5813774252539254,0.007600000000000051,1.0,0.0128464336479569
Random,14,5,0.0028106577049358925,0.004226487047118292,0.9952468322036997,0.4590944350812359,0.02739999999999998,0.0,0.011368580392977834
Random,14,6,0.003037960677859493,0.005365791145550802,0.99233889190114,0.49705468422280175,0.02739999999999998,1.0,0.008863463756119128
Random,14,7,0.004119492557336613,0.007340256554727103,0.9856633877168818,0.7370438191153695,0.02739999999999998,0.0,0.0018184534693612697
Random,14,8,0.0035566058806207495,0.005961371792492651,0.9905438037252215,0.6173037704054206,0.0,0.0,2.225799737853862e-06
Random,14,9,0.0063421291654151305,0.010645561093835926,0.9698448721097543,1.1187289642382974,0.018299999999999983,1.0,0.009628170513670042
Random,14,10,0.00498741102650465,0.008463847923333568,0.9809383818975566,0.7622688282704232,0.02739999999999998,0.0,0.02136567034108816
Random,14,11,0.0037674983274762694,0.005881290728282222,0.9907961536912967,0.6416381631330098,0.0,1.0,0.002197205020415982
Random,14,12,0.003092573101880776,0.005161618413240298,0.9929108224852156,0.5020040506053091,0.02739999999999998,0.0,0.008845882873010469
Random,14,13,0.0024888323319919433,0.003621767296283863,0.9965096807940768,0.4093468332634787,0.02739999999999998,0.0,0.007590600357577082
Random,14,14,0.003526397512135673,0.0055039726949799766,0.9919392286397366,0.6126244840040657,0.02739999999999998,0.0,0.0037825160950811787
Random,14,15,0.0032125192037611686,0.004792497650019905,0.9938884991211705,0.5308710245196607,0.02739999999999998,1.0,0.0027665829991494473
Random,14,16,0.0021685494096015893,0.003490405900871033,0.996758276795367,0.34355862911337587,0.02739999999999998,0.0,0.011887695031642886
Random,14,17,0.0037908376774407984,0.005897323477855096,0.9907459048250107,0.6362244079549214,0.02739999999999998,0.0,0.0005982851887967877
Random,14,18,0.0027433865405034254,0.00439130408282083,0.9948688928429795,0.4314877788682379,0.007600000000000051,1.0,0.013949947118817807
Random,14,19,0.0020387994988786654,0.003354789279044601,0.9970052915067849,0.3314957584874174,0.02739999999999998,0.0,8.484371096229015e-05
Random,16,0,0.007673083331194421,0.01410389717252188,0.947069947186587,1.4213565646804713,0.02739999999999998,0.0,0.005133057836693489
Random,16,1,0.0015683263844461944,0.0023971642577651584,0.9984709571768519,0.24782110559142517,0.02739999999999998,0.0,0.0005980550634518966
Random,16,2,0.0018786061661985206,0.0028889015199869135,0.9977793018225061,0.3098663489289961,0.02739999999999998,0.0,0.0013256994872783423
Random,16,3,0.0034187946797317025,0.006118554690249603,0.9900385684750874,0.5569440810237624,0.02739999999999998,1.0,0.014199399032707949
Random,16,4,0.0020460558294715073,0.0034554722842821796,0.996822841441226,0.3183162621285482,0.02739999999999998,0.0,0.003923530684353915
Random,16,5,0.0021736555618579387,0.0032911935208930427,0.9971177549623147,0.34491487231066187,0.007600000000000051,1.0,0.005801254709233317
Random,16,6,0.0021626150005746364,0.004360983785648595,0.9949395049398535,0.3451020797822943,0.02739999999999998,1.0,0.00542609393138771
Random,16,7,0.003018796402773834,0.006182686397421076,0.9898286523541407,0.47527996916939974,0.02739999999999998,1.0,0.015076528138473821
Random,16,8,0.01113373409305794,0.019096842116032887,0.902960806932492,2.0625103520289687,0.02739999999999998,1.0,0.01429230638896517
Random,16,9,0.0033564004292957247,0.005870337971402747,0.9908304025079198,0.5796592593321752,0.02739999999999998,1.0,0.009548061543000474
Random,16,10,0.0019949779516909424,0.0032812296622825076,0.9971351801368342,0.31079811621379916,0.02739999999999998,0.0,0.0005967872297540922
Random,16,11,0.003182230293005052,0.005511044990446618,0.9919185000547497,0.49387765936380995,0.007600000000000051,1.0,0.00862892944750615
Random,16,12,0.0061110782309185905,0.011448477958570765,0.965124570397606,1.1249928273912873,0.007600000000000051,1.0,0.0011020391009507469
Random,16,13,0.003065407698042382,0.004787200145950468,0.9939020026466823,0.48160073163493033,0.02739999999999998,0.0,0.010422445620404619
Random,16,14,0.002627689828578279,0.00372672435683324,0.9963044540638412,0.44230999718319375,0.02739999999999998,0.0,0.0005993357638285346
Random,16,15,0.0017086876409151239,0.0029582681457955735,0.997671377252535,0.2709405200549929,0.02739999999999998,0.0,0.006784404449160952
Random,16,16,0.0015989350428615148,0.002469493756883084,0.9983772936842794,0.2599919673124652,0.02739999999999998,0.0,0.005636904777918339
Random,16,17,0.002507020434762302,0.004736746154351102,0.9940298631854014,0.3945067050604408,0.02739999999999998,1.0,0.00968304352192062
Random,16,18,0.0021639628339524524,0.003850525137524098,0.9960548457582847,0.3445308677944253,0.02739999999999998,1.0,0.003154891821584349
Random,16,19,0.0017273817311007787,0.003073226659644991,0.9974868798908114,0.27474455101224976,0.02739999999999998,1.0,0.000849357841654852
Random,20,0,0.0024676256376651193,0.0040156871117846184,0.9957091454335791,0.4039119974205112,0.02739999999999998,1.0,0.007630672400253058
Random,20,1,0.0019235279518877004,0.0035552380861905227,0.9966367322658626,0.3165170988648404,0.02739999999999998,1.0,0.0011720343608710992
Random,20,2,0.0035413084401103648,0.006570671565187894,0.9885120223908159,0.6198043312106615,0.0,0.0,4.418456010624183e-06
Random,20,3,0.002511358343346685,0.004048817016196209,0.9956380532403328,0.40470516093958075,0.02739999999999998,0.0,0.005584819733379098
Random,20,4,0.0021020088483682292,0.003401264111869541,0.9969217437159874,0.3473948273496912,0.018299999999999983,0.0,0.0052883079530529065
Random,20,5,0.0026964971243743255,0.00576230714736345,0.9911647901580065,0.43217968790103084,0.02739999999999998,1.0,0.007276592514017577
Random,20,6,0.00186310726683674,0.002804777792294184,0.997906750570297,0.31761384182344155,0.0,0.0,0.004330710680343297
Random,20,7,0.0018017056315374773,0.0033585705523669625,0.9969985368691145,0.28892562327814725,0.018299999999999983,0.0,0.004687408516957148
Random,20,8,0.0022705116885038037,0.004722533778621489,0.9940656356464629,0.3553365183745378,0.02739999999999998,1.0,0.0069297896410766
Random,20,9,0.0032969877940801275,0.005791250403350208,0.9910758112279741,0.5831311324053738,0.02739999999999998,0.0,0.001906333230192181
Random,20,10,0.0024392152913558984,0.0037934052485394704,0.9961710248934559,0.40908321805559045,0.0,0.0,2.806454135084735e-06
Random,20,11,0.0022918351471506704,0.003186696564677204,0.9972978746879095,0.37336535629233436,0.02739999999999998,0.0,0.0006000925510831756
Random,20,12,0.0024127648511668093,0.003626002218485256,0.9965015135812713,0.3818296357146835,0.0,0.0,7.021720586197766e-06
Random,20,13,0.0020808939176306107,0.0036429922462605743,0.9964686516949959,0.331473119384912,0.02739999999999998,1.0,0.0005155165831595143
Random,20,14,0.0027752852970876663,0.004598280944917842,0.9943738013040214,0.46105700479458267,0.02739999999999998,1.0,0.0016032119317879179
Random,20,15,0.00251090163616791,0.003856804885242694,0.9960419671120472,0.42428643877297434,0.02739999999999998,0.0,0.004947599511695655
Random,20,16,0.00216502156321973,0.0045168515957634174,0.9945713017192107,0.3332038414079959,0.026800000000000046,1.0,0.016589048865535583
Random,20,17,0.002308114838961028,0.003650358106846018,0.996454357008587,0.37292489164351145,0.02739999999999998,0.0,0.0006012493376071903
Random,20,18,0.0015322952003990174,0.002408709622849918,0.9984561931746424,0.2506792682186302,0.0,0.0,0.00619213674281438
Random,20,19,0.002537243245709654,0.004621918972467756,0.9943158082962694,0.44044456431944395,0.0,0.0,0.0041834357817192025
Random,25,0,0.0023035780359806526,0.004362042801052425,0.9949370468738818,0.35827518983469275,0.02739999999999998,0.0,0.0095544571315197
Random,25,1,0.0023122432046245225,0.004022681536436107,0.9956941850070067,0.364947658710881,0.02739999999999998,1.0,0.0016082541914652637
Random,25,2,0.0019821766850514214,0.003836968507423646,0.9960825764419942,0.3493230982206359,0.0,0.0,3.7634123141172537e-06
Random,25,3,0.0020791506555376004,0.0037114331913691142,0.9963347183212469,0.34050943174324755,0.0,1.0,0.012038941225416044
Random,25,4,0.002872641419288515,0.0054662871521696434,0.9920492344821247,0.46897577794255163,0.02739999999999998,1.0,0.004671869798981154
Random,25,5,0.0016399922783033455,0.0027176851366489956,0.9980347294794065,0.2665523216732063,0.0,0.0,3.7201979994350154e-06
Random,25,6,0.002373296673939725,0.003739194910376014,0.9962796802378922,0.3810548399943452,0.02739999999999998,0.0,0.005870764620060975
Random,25,7,0.0013727715070790318,0.0023829250950511416,0.9984890682643615,0.2200633919436543,0.02739999999999998,0.0,0.0031119506262868857
Random,25,8,0.0019981040767697578,0.003437446371934794,0.9968559030870904,0.31939092878250036,0.007600000000000051,1.0,0.0010706383305036926
Random,25,9,0.0012487064104327217,0.0024629334206522,0.9983859038367446,0.20433073650043249,0.0,0.0,7.961034666936762e-06
Random,25,10,0.001231661564384932,0.0021635844313805555,0.9987544196256583,0.1974259257487498,0.018299999999999983,0.0,0.00468456989022481
Random,25,11,0.0015779672187479022,0.00346097580273134,0.9968127128834534,0.2452979292281535,0.02739999999999998,1.0,0.002841944168946453
Random,25,12,0.0015073680394710126,0.0026031319941076697,0.9981969140002726,0.25366540539095456,0.0,0.0,1.9758100342492924e-06
Random,25,13,0.0011787273326402615,0.0019985299301908625,0.9989372151015196,0.18852973272527013,0.0,0.0,0.0044342841059769045
Random,25,14,0.0020379852757735906,0.003132599527597712,0.9973888379958605,0.3327006269922863,0.0,0.0,1.1084916671677547e-05
Random,25,15,0.0026491135389243186,0.006021146964894285,0.9903532168383181,0.41925603624333485,0.02739999999999998,1.0,0.011721070944277212
Random,25,16,0.0014944214578185666,0.0024287449309536727,0.9984304040272212,0.23533344821780522,0.0,0.0,0.00794735549528136
Random,25,17,0.0015305611713585753,0.0027142047914035486,0.998039759819519,0.2589453406020468,0.02739999999999998,0.0,0.005053255515155564
Random,25,18,0.002057357733461693,0.0037920930353263927,0.9961736734703273,0.32796098677151025,0.007600000000000051,1.0,0.008528152867161798
Random,25,19,0.005793995279326203,0.012027058284071359,0.9615104447727687,1.0197792065779359,0.0,0.0,0.01117951929722194
Random,30,0,0.0015926917734795862,0.002958153917078233,0.99767155708103,0.2544105949412958,0.02739999999999998,0.0,0.0038280966606314415
Random,30,1,0.001942078956597006,0.003905960842039842,0.9959404318965285,0.311439759229874,0.0,1.0,0.012035901710888086
Random,30,2,0.0012235484805685913,0.002502016782209929,0.9983342704195213,0.18925413872795588,0.02739999999999998,0.0,0.006722289461323583
Random,30,3,0.0013091075274125018,0.0022572074809846417,0.9986442893014318,0.2202385509687454,0.0,0.0,5.75586069651024e-06
Random,30,4,0.0015769526530880786,0.002720059968675065,0.9980312933002073,0.25176536094301416,0.018299999999999983,0.0,0.0009570042470572471
Random,30,5,0.002143492950296854,0.003632293433786417,0.9964893631060586,0.3354005227668994,0.007600000000000051,1.0,0.0007324211188216578
Random,30,6,0.0014680192798956979,0.0025606842899221897,0.9982552382351413,0.24746752082291218,0.018299999999999983,0.0,0.0004623430277994611
Random,30,7,0.0017335295911392848,0.003612876022263894,0.9965267969084859,0.28644214253671313,0.02739999999999998,0.0,0.010512143976831534
Random,30,8,0.002343320139894133,0.005975136725032341,0.9905000841975917,0.3605683967362147,0.02739999999999998,1.0,0.018489929949480732
Random,30,9,0.001038954771610545,0.0018587293718078058,0.9990807018527044,0.17156312737511484,0.02739999999999998,0.0,0.0005986011879252073
Random,30,10,0.0016352275087385983,0.0028026118378663024,0.9979099822931567,0.2583651550349192,0.0,0.0,9.008809778277005e-06
Random,30,11,0.0016113554021627092,0.0036503556043887267,0.9964543618699275,0.24707978617908405,0.02739999999999998,1.0,0.0038596040610587856
Random,30,12,0.00125861034666721,0.0025469829999702274,0.9982738594545943,0.20432146481273897,0.0,0.0,1.2804872475236095e-05
Random,30,13,0.001078006456102275,0.0019018054690521096,0.9990375986017683,0.17415879681262347,0.0,0.0,8.231157682891954e-06
Random,30,14,0.001565142900799092,0.002922682277172216,0.9977270636535696,0.2451358574022927,0.007600000000000051,1.0,0.0037172176482557218
Random,30,15,0.001613983179149612,0.0029886365475427588,0.9976233224302037,0.2550969316592839,0.02739999999999998,0.0,0.0005969312389529913
Random,30,16,0.0014235048462447886,0.0026576869274552973,0.9981205459954546,0.23255307075726403,0.02739999999999998,0.0,0.0006042937021596417
Random,30,17,0.001267631110483427,0.0022566336074330766,0.9986449785669244,0.20298145128373668,0.02739999999999998,0.0,0.007836207290960129
Random,30,18,0.0018812710253786188,0.0031852074990028263,0.997300399372575,0.3074253451153759,0.02739999999999998,0.0,0.000599512836977012
Random,30,19,0.0011648154889854967,0.0019793480207778297,0.9989575184351458,0.1857542230307107,0.0,0.0,2.9151653532122346e-05
Grid,6,0,0.006243564810316995,0.008276636118202155,0.9817723036520565,1.0336016316992471,0.007600000000000051,1.0,0.013265692168210386
Grid,6,1,0.008209582153805739,0.010983998640061065,0.967897045571889,1.342983185050011,0.007600000000000051,1.0,0.013792930070956388
Grid,6,2,0.011270027802434432,0.01490825794854063,0.940860471418111,1.9378459853605619,0.018299999999999983,0.0,0.012568682130769449
Grid,6,3,0.006156987537458562,0.008232807635302996,0.981964840093355,1.0016465641879573,0.007600000000000051,1.0,0.009680421003565698
Grid,6,4,0.00689891204872367,0.008563692525256364,0.9804860048396444,1.1577678511199285,0.007600000000000051,1.0,0.016127158624867022
Grid,6,5,0.010086213269901957,0.012949692680627001,0.955378621259867,1.6701067221763357,0.007600000000000051,1.0,0.013686147296152473
Grid,6,6,0.011891517048224129,0.015283247462122384,0.9378479651946688,2.0353250041145423,0.007600000000000051,1.0,0.012580125029817313
Grid,6,7,0.008341305995751148,0.010861819826023985,0.9686072580313968,1.4222665663185967,0.007600000000000051,1.0,0.013656316905724442
Grid,6,8,0.009264108901110091,0.011496444834833187,0.9648317157646447,1.5082626204519445,0.0049000000000000155,2.0,0.009891738935512873
Grid,6,9,0.012771960386266311,0.016158250601484233,0.9305275299576068,2.1527639945259436,0.007600000000000051,1.0,0.008684828265626221
Grid,6,10,0.004260317032163069,0.00611503485832569,0.9900500262396124,0.6995505741175402,0.007600000000000051,1.0,0.013812604189386013
Grid,6,11,0.008402844897690574,0.010659718196124436,0.9697646146031782,1.420256496036045,0.007600000000000051,1.0,0.010028833567678586
Grid,6,12,0.007336536763455571,0.009451782753253955,0.9762287771641468,1.218675741022844,0.007600000000000051,1.0,0.015199604165156089
Grid,6,13,0.0035817125054805133,0.0053180801521984355,0.9924745267125278,0.5693341033147165,0.007600000000000051,1.0,0.017538096139989467
Grid,6,14,0.007109871386192134,0.0091532385660921,0.9777067377517381,1.1779288800132064,0.007600000000000051,1.0,0.015604919793684502
Grid,6,15,0.009391204283825446,0.011689792616163444,0.9636388446193617,1.5842459805001115,0.007600000000000051,1.0,0.009296818520620476
Grid,6,16,0.012990611953619736,0.016042531184579108,0.931519039078922,2.1673184579101266,0.007600000000000051,1.0,0.01357684884769439
Grid,6,17,0.01250549783033044,0.015396490486585257,0.9369235072331615,2.0464690834160604,0.02739999999999998,0.0,0.015718384365890126
Grid,6,18,0.015748441073345436,0.018765450201084097,0.9062994721614307,2.6003545269122976,0.02739999999999998,0.0,0.016722784274756375
Grid,6,19,0.00864486807155075,0.011640401268191086,0.9639454595424136,1.414471026485801,0.007600000000000051,1.0,0.012968870724704429
Grid,8,0,0.004236904380151694,0.005990992433129194,0.9904495990780001,0.7090436689298566,0.007600000000000051,1.0,0.013084634233844206
Grid,8,1,0.004236904380151694,0.005990992433129194,0.9904495990780001,0.7090436689298566,0.007600000000000051,1.0,0.013084634233844206
Grid,8,2,0.004236904380151694,0.005990992433129194,0.9904495990780001,0.7090436689298566,0.007600000000000051,1.0,0.013084634233844206
Grid,8,3,0.004236904380151694,0.005990992433129194,0.9904495990780001,0.7090436689298566,0.007600000000000051,1.0,0.013084634233844206
Grid,8,4,0.004236904380151694,0.005990992433129194,0.9904495990780001,0.7090436689298566,0.007600000000000051,1.0,0.013084634233844206
Grid,8,5,0.004236904503253737,0.005990992604716663,0.9904495985309358,0.7090436961479518,0.007600000000000051,1.0,0.013084634212459312
Grid,8,6,0.004236904380151694,0.005990992433129194,0.9904495990780001,0.7090436689298566,0.007600000000000051,1.0,0.013084634233844206
Grid,8,7,0.004236904380151694,0.005990992433129194,0.9904495990780001,0.7090436689298566,0.007600000000000051,1.0,0.013084634233844206
Grid,8,8,0.004236904380151694,0.005990992433129194,0.9904495990780001,0.7090436689298566,0.007600000000000051,1.0,0.013084634233844206
Grid,8,9,0.004236904380151694,0.005990992433129194,0.9904495990780001,0.7090436689298566,0.007600000000000051,1.0,0.013084634233844206
Grid,8,10,0.004236904380151694,0.005990992433129194,0.9904495990780001,0.7090436689298566,0.007600000000000051,1.0,0.013084634233844206
Grid,8,11,0.004236904380151694,0.005990992433129194,0.9904495990780001,0.7090436689298566,0.007600000000000051,1.0,0.013084634233844206
Grid,8,12,0.004236904380151694,0.005990992433129194,0.9904495990780001,0.7090436689298566,0.007600000000000051,1.0,0.013084634233844206
Grid,8,13,0.004236904380151694,0.005990992433129194,0.9904495990780001,0.7090436689298566,0.007600000000000051,1.0,0.013084634233844206
Grid,8,14,0.004236904380151694,0.005990992433129194,0.9904495990780001,0.7090436689298566,0.007600000000000051,1.0,0.013084634233844206
Grid,8,15,0.004236904380151694,0.005990992433129194,0.9904495990780001,0.7090436689298566,0.007600000000000051,1.0,0.013084634233844206
Grid,8,16,0.004236904500820086,0.005990992601324624,0.9904495985417505,0.7090436956098751,0.007600000000000051,1.0,0.013084634212882529
Grid,8,17,0.004236904380151694,0.005990992433129194,0.9904495990780001,0.7090436689298566,0.007600000000000051,1.0,0.013084634233844206
Grid,8,18,0.004236904542553426,0.005990992659496759,0.990449598356283,0.7090437048373243,0.007600000000000051,1.0,0.013084634205621337
Grid,8,19,0.004236904380151694,0.005990992433129194,0.9904495990780001,0.7090436689298566,0.007600000000000051,1.0,0.013084634233844206
Grid,10,0,0.00314066262093689,0.005148870241951082,0.9929457969599111,0.4907872025464166,0.007600000000000051,1.0,0.012815000215656513
Grid,10,1,0.0036241082253947324,0.005167239358663554,0.9928953740062058,0.5998342518241215,0.007600000000000051,1.0,0.013004931381912277
Grid,10,2,0.005189833446156349,0.006688354288131261,0.9880968309544087,0.8681921156551621,0.026800000000000046,1.0,0.009696652642409043
Grid,10,3,0.003681639664194351,0.005666397520119377,0.9914564544581957,0.5826458338121626,0.007600000000000051,1.0,0.013121325831509267
Grid,10,4,0.0033895200602234157,0.00517900241703574,0.9928629902712413,0.537900526098834,0.007600000000000051,1.0,0.012445326436934634
Grid,10,5,0.0033783167299306863,0.005117170192691728,0.9930323907939432,0.5420786280225878,0.007600000000000051,1.0,0.012373544799366476
Grid,10,6,0.0029525718340997226,0.005097355158375168,0.993086247164293,0.45379054364288035,0.007600000000000051,1.0,0.012630685095458727
Grid,10,7,0.0032893923816387474,0.005038895506082402,0.9932439202733103,0.525975405078511,0.007600000000000051,1.0,0.01280623262070646
Grid,10,8,0.002658762108186811,0.004501578408026086,0.9946079526231513,0.413367596196072,0.007600000000000051,1.0,0.012762332287886369
Grid,10,9,0.0034631540770071866,0.005320049997778926,0.9924689507282174,0.5527271689801297,0.007600000000000051,1.0,0.012918972897562941
Grid,10,10,0.003424328070462874,0.005022824417920023,0.9932869473231033,0.5473634282653779,0.007600000000000051,1.0,0.012176371288655674
Grid,10,11,0.003131105372224088,0.0052401300700875755,0.9926935200706439,0.48674997630355393,0.007600000000000051,1.0,0.01283806691610212
Grid,10,12,0.00314066262093689,0.005148870241951082,0.9929457969599111,0.4907872025464166,0.007600000000000051,1.0,0.012815000215656513
Grid,10,13,0.003574355782461333,0.005570477332858012,0.9917432547727933,0.5662410205882437,0.007600000000000051,1.0,0.013103702588567745
Grid,10,14,0.0036757259423584768,0.005757793970503099,0.9911786246337196,0.5787480510544087,0.007600000000000051,1.0,0.013055341410735388
Grid,10,15,0.003198427583180779,0.005338950516902649,0.992415344620186,0.4968638215073773,0.007600000000000051,1.0,0.01283645447951609
Grid,10,16,0.0038219315275996512,0.005387981409455603,0.9922753957537493,0.6343698468092999,0.026800000000000046,1.0,0.012955674965592912
Grid,10,17,0.005978835362131487,0.007667054920844881,0.9843583987669514,0.9986866163520446,0.02739999999999998,0.0,0.0005985284240828115
Grid,10,18,0.00269328763039855,0.004377573509953919,0.9949009302033418,0.42404577382441155,0.007600000000000051,1.0,0.012671786152114728
Grid,10,19,0.0034243279494989435,0.005022824345263541,0.9932869475173154,0.5473634042084881,0.007600000000000051,1.0,0.012176371267087926
Grid,12,0,0.003189103837281682,0.004593705245427716,0.9943849928715344,0.5244932298006151,0.007600000000000051,1.0,0.011889474465597294
Grid,12,1,0.002895723720971006,0.004570289232138366,0.9944420909950924,0.4712792273949935,0.007600000000000051,1.0,0.013124297733872026
Grid,12,2,0.0033805203610122506,0.004756269938104545,0.9939805466831173,0.5574300790643592,0.018299999999999983,0.0,0.00827243060862659
Grid,12,3,0.0029000102101921013,0.00453858566321996,0.994518932693057,0.4613218894420224,0.007600000000000051,1.0,0.012458078654607352
Grid,12,4,0.0027218555854969756,0.004239844047886964,0.995216741782922,0.43232615345372244,0.007600000000000051,1.0,0.013109949810886978
Grid,12,5,0.0028732721902096805,0.003960396946882258,0.9958264896444887,0.47074934761795706,0.0,0.0,0.011672983792766933
Grid,12,6,0.00363546382722561,0.0051764587641897125,0.9928699991951555,0.5983276713473948,0.007600000000000051,1.0,0.01275137328025655
Grid,12,7,0.002875224364995335,0.004885863187201898,0.9936480559365566,0.4459606329769946,0.007600000000000051,1.0,0.012924537393936286
Grid,12,8,0.0024767134385543493,0.004313693492690607,0.99504866138723,0.3801118548051634,0.007600000000000051,1.0,0.011985867005067763
Grid,12,9,0.0026922236878250375,0.004772976276431516,0.9939381859095935,0.41335517671874344,0.007600000000000051,1.0,0.012884073083039072
Grid,12,10,0.0028626406485245054,0.004358939422657854,0.9949442483942758,0.46724092455704397,0.007600000000000051,1.0,0.012498825249809276
Grid,12,11,0.0035750311397766987,0.005137343989363902,0.9929773446640316,0.5850426373020744,0.007600000000000051,1.0,0.013112920397405303
Grid,12,12,0.003647274541205151,0.005653587899752538,0.9914950383639214,0.569970332793137,0.007600000000000051,1.0,0.012404470856809624
Grid,12,13,0.003028976008475685,0.004439708701183443,0.9947551507081768,0.4990697007482908,0.007600000000000051,1.0,0.012288338972068491
Grid,12,14,0.005355789499315007,0.0072165876758077665,0.986142405592021,0.8829972785918938,0.018299999999999983,0.0,0.0026421017477656905
Grid,12,15,0.002593561239711046,0.004125264323409442,0.9954717789094729,0.4080183296513839,0.007600000000000051,1.0,0.013290481263771636
Grid,12,16,0.002060084536877794,0.0033934197522388246,0.996935926151337,0.32958421950293637,0.02739999999999998,0.0,0.011856079025329036
Grid,12,17,0.004150545687370069,0.006268237994160987,0.9895452171591629,0.6558339055788861,0.007600000000000051,1.0,0.012934620560701493
Grid,12,18,0.0024930672033765693,0.0043007981982539365,0.995078220063465,0.3847841713586862,0.02739999999999998,0.0,0.012303217080721351
Grid,12,19,0.003217333939272529,0.0044692675296591315,0.9946850795849861,0.5169666101333164,0.018299999999999983,0.0,0.0017858686712465266
Grid,14,0,0.0022050173670525456,0.0035948878872789644,0.9965612962457362,0.35512311850104145,0.007600000000000051,1.0,0.008418399554116052
Grid,14,1,0.0022050173670525456,0.0035948878872789644,0.9965612962457362,0.35512311850104145,0.007600000000000051,1.0,0.008418399554116052
Grid,14,2,0.0022050173670525456,0.0035948878872789644,0.9965612962457362,0.35512311850104145,0.007600000000000051,1.0,0.008418399554116052
Grid,14,3,0.0022050173670525456,0.0035948878872789644,0.9965612962457362,0.35512311850104145,0.007600000000000051,1.0,0.008418399554116052
Grid,14,4,0.0022050173670525456,0.0035948878872789644,0.9965612962457362,0.35512311850104145,0.007600000000000051,1.0,0.008418399554116052
Grid,14,5,0.0022050173670525456,0.0035948878872789644,0.9965612962457362,0.35512311850104145,0.007600000000000051,1.0,0.008418399554116052
Grid,14,6,0.0022050173670525456,0.0035948878872789644,0.9965612962457362,0.35512311850104145,0.007600000000000051,1.0,0.008418399554116052
Grid,14,7,0.0022050173670525456,0.0035948878872789644,0.9965612962457362,0.35512311850104145,0.007600000000000051,1.0,0.008418399554116052
Grid,14,8,0.0022050173670525456,0.0035948878872789644,0.9965612962457362,0.35512311850104145,0.007600000000000051,1.0,0.008418399554116052
Grid,14,9,0.0022050173670525456,0.0035948878872789644,0.9965612962457362,0.35512311850104145,0.007600000000000051,1.0,0.008418399554116052
Grid,14,10,0.0022050173670525456,0.0035948878872789644,0.9965612962457362,0.35512311850104145,0.007600000000000051,1.0,0.008418399554116052
Grid,14,11,0.0022050173670525456,0.0035948878872789644,0.9965612962457362,0.35512311850104145,0.007600000000000051,1.0,0.008418399554116052
Grid,14,12,0.0022050173670525456,0.0035948878872789644,0.9965612962457362,0.35512311850104145,0.007600000000000051,1.0,0.008418399554116052
Grid,14,13,0.0022050173670525456,0.0035948878872789644,0.9965612962457362,0.35512311850104145,0.007600000000000051,1.0,0.008418399554116052
Grid,14,14,0.0022050173670525456,0.0035948878872789644,0.9965612962457362,0.35512311850104145,0.007600000000000051,1.0,0.008418399554116052
Grid,14,15,0.0022050173670525456,0.0035948878872789644,0.9965612962457362,0.35512311850104145,0.007600000000000051,1.0,0.008418399554116052
Grid,14,16,0.0022050173670525456,0.0035948878872789644,0.9965612962457362,0.35512311850104145,0.007600000000000051,1.0,0.008418399554116052
Grid,14,17,0.0022050173670525456,0.0035948878872789644,0.9965612962457362,0.35512311850104145,0.007600000000000051,1.0,0.008418399554116052
Grid,14,18,0.0022050173670525456,0.0035948878872789644,0.9965612962457362,0.35512311850104145,0.007600000000000051,1.0,0.008418399554116052
Grid,14,19,0.0022050173670525456,0.0035948878872789644,0.9965612962457362,0.35512311850104145,0.007600000000000051,1.0,0.008418399554116052
Grid,16,0,0.0021412051763782395,0.003575356076588767,0.9965985611920767,0.3402943399816267,0.007600000000000051,1.0,0.00841969395233666
Grid,16,1,0.0021412051763782395,0.003575356076588767,0.9965985611920767,0.3402943399816267,0.007600000000000051,1.0,0.00841969395233666
Grid,16,2,0.0021412051763782395,0.003575356076588767,0.9965985611920767,0.3402943399816267,0.007600000000000051,1.0,0.00841969395233666
Grid,16,3,0.0021412051763782395,0.003575356076588767,0.9965985611920767,0.3402943399816267,0.007600000000000051,1.0,0.00841969395233666
Grid,16,4,0.0021412051763782395,0.003575356076588767,0.9965985611920767,0.3402943399816267,0.007600000000000051,1.0,0.00841969395233666
Grid,16,5,0.0021412051763782395,0.003575356076588767,0.9965985611920767,0.3402943399816267,0.007600000000000051,1.0,0.00841969395233666
Grid,16,6,0.0021412049307261605,0.0035753557565394484,0.9965985618010388,0.3402942978728516,0.007600000000000051,1.0,0.008419693954724972
Grid,16,7,0.0021412051763782395,0.003575356076588767,0.9965985611920767,0.3402943399816267,0.007600000000000051,1.0,0.00841969395233666
Grid,16,8,0.0021412051763782395,0.003575356076588767,0.9965985611920767,0.3402943399816267,0.007600000000000051,1.0,0.00841969395233666
Grid,16,9,0.0021412051763782395,0.003575356076588767,0.9965985611920767,0.3402943399816267,0.007600000000000051,1.0,0.00841969395233666
Grid,16,10,0.0021412051763782395,0.003575356076588767,0.9965985611920767,0.3402943399816267,0.007600000000000051,1.0,0.00841969395233666
Grid,16,11,0.0021412051763782395,0.003575356076588767,0.9965985611920767,0.3402943399816267,0.007600000000000051,1.0,0.00841969395233666
Grid,16,12,0.0021412051763782395,0.003575356076588767,0.9965985611920767,0.3402943399816267,0.007600000000000051,1.0,0.00841969395233666
Grid,16,13,0.0021412051763782395,0.003575356076588767,0.9965985611920767,0.3402943399816267,0.007600000000000051,1.0,0.00841969395233666
Grid,16,14,0.0021412051763782395,0.003575356076588767,0.9965985611920767,0.3402943399816267,0.007600000000000051,1.0,0.00841969395233666
Grid,16,15,0.0021412051146599987,0.003575355996157556,0.9965985613451143,0.34029432940394283,0.007600000000000051,1.0,0.008419693952409268
Grid,16,16,0.0021412051763782395,0.003575356076588767,0.9965985611920767,0.3402943399816267,0.007600000000000051,1.0,0.00841969395233666
Grid,16,17,0.0021412051763782395,0.003575356076588767,0.9965985611920767,0.3402943399816267,0.007600000000000051,1.0,0.00841969395233666
Grid,16,18,0.0021412051763782395,0.003575356076588767,0.9965985611920767,0.3402943399816267,0.007600000000000051,1.0,0.00841969395233666
Grid,16,19,0.0021412051763782395,0.003575356076588767,0.9965985611920767,0.3402943399816267,0.007600000000000051,1.0,0.00841969395233666
Grid,20,0,0.002233302233894303,0.0038044878617662673,0.9961486191469661,0.35560963667562867,0.007600000000000051,1.0,0.008418709593318252
Grid,20,1,0.002343884596260614,0.003957988723746974,0.9958315637259604,0.37246299625173984,0.007600000000000051,1.0,0.008416669083123218
Grid,20,2,0.0016137550955549898,0.002543608864601116,0.9982784298612428,0.2600384553855839,0.018299999999999983,0.0,0.004688146989655251
Grid,20,3,0.0016987469426302556,0.0031410094438842815,0.9973747990926402,0.2618085064154063,0.007600000000000051,1.0,0.008417434935757084
Grid,20,4,0.0017383941665113044,0.003278282636992045,0.9971403238823615,0.26874548867540277,0.007600000000000051,1.0,0.008420938269042222
Grid,20,5,0.001748502749746211,0.00329001761749614,0.997119814176543,0.27546711626500026,0.007600000000000051,1.0,0.008417849269672706
Grid,20,6,0.0017837956057484422,0.0028220978914363336,0.9978808182274169,0.2829551917168808,0.007600000000000051,1.0,0.008416798149772253
Grid,20,7,0.002287242005378788,0.0036136925066153143,0.9965252268925798,0.362123812440174,0.007600000000000051,1.0,0.008417850525565318
Grid,20,8,0.0018442630129004078,0.003193924547684814,0.9972856030045514,0.29031090160090856,0.007600000000000051,1.0,0.008418952049342177
Grid,20,9,0.0017345178944285962,0.0031710098718860597,0.997324411938378,0.272807015006798,0.007600000000000051,1.0,0.008421004355502859
Grid,20,10,0.0017554410559776417,0.003177784659044213,0.9973129670650828,0.2768445115410827,0.007600000000000051,1.0,0.008420008841546367
Grid,20,11,0.0020966584609627254,0.0035731443037702484,0.9966027682599875,0.3330504132186465,0.007600000000000051,1.0,0.008422827481355255
Grid,20,12,0.0021461566331825266,0.003577793078081945,0.996593922696599,0.3416694525352237,0.007600000000000051,1.0,0.008419302593515088
Grid,20,13,0.0016200464775645296,0.002488949656918067,0.9983516239868923,0.259935981639122,0.0,0.0,0.007897607183603439
Grid,20,14,0.0019678000513434104,0.0032890321042631544,0.9971215394172237,0.30999243250862873,0.007600000000000051,1.0,0.008416502253211888
Grid,20,15,0.0024709491596748723,0.004091823349142998,0.9955448963370692,0.39469973201944747,0.007600000000000051,1.0,0.008417636705322917
Grid,20,16,0.0017827597906640916,0.003322202801975662,0.9970631866768301,0.27710790535412383,0.007600000000000051,1.0,0.008419634614374116
Grid,20,17,0.0019059397667710249,0.0029418811579882023,0.9976971040776076,0.30325748041089495,0.007600000000000051,1.0,0.008416747091860022
Grid,20,18,0.0020887637125357123,0.0033211817837739883,0.9970649915510438,0.335807523253801,0.007600000000000051,1.0,0.008416907450407685
Grid,20,19,0.001924631260006211,0.0033673768012512286,0.9969827764239454,0.3024832170472506,0.007600000000000051,1.0,0.008420821021144387
Grid,25,0,0.0016418141722915251,0.002745474340033299,0.9979943329516856,0.2625367599951799,0.007600000000000051,1.0,0.008428985165695568
Grid,25,1,0.0016418141722915251,0.002745474340033299,0.9979943329516856,0.2625367599951799,0.007600000000000051,1.0,0.008428985165695568
Grid,25,2,0.0016418141722915251,0.002745474340033299,0.9979943329516856,0.2625367599951799,0.007600000000000051,1.0,0.008428985165695568
Grid,25,3,0.0016418141722915251,0.002745474340033299,0.9979943329516856,0.2625367599951799,0.007600000000000051,1.0,0.008428985165695568
Grid,25,4,0.0016418141722915251,0.002745474340033299,0.9979943329516856,0.2625367599951799,0.007600000000000051,1.0,0.008428985165695568
Grid,25,5,0.0016418141722915251,0.002745474340033299,0.9979943329516856,0.2625367599951799,0.007600000000000051,1.0,0.008428985165695568
Grid,25,6,0.0016418141722915251,0.002745474340033299,0.9979943329516856,0.2625367599951799,0.007600000000000051,1.0,0.008428985165695568
Grid,25,7,0.0016418141722915251,0.002745474340033299,0.9979943329516856,0.2625367599951799,0.007600000000000051,1.0,0.008428985165695568
Grid,25,8,0.0016418141768012673,0.0027454743484804957,0.9979943329393436,0.2625367607781263,0.007600000000000051,1.0,0.00842898516547863
Grid,25,9,0.0016418141722915251,0.002745474340033299,0.9979943329516856,0.2625367599951799,0.007600000000000051,1.0,0.008428985165695568
Grid,25,10,0.0016418141717272504,0.0027454743390203165,0.9979943329531656,0.26253675989898656,0.007600000000000051,1.0,0.008428985165207292
Grid,25,11,0.0016418141722915251,0.002745474340033299,0.9979943329516856,0.2625367599951799,0.007600000000000051,1.0,0.008428985165695568
Grid,25,12,0.0016418141722915251,0.002745474340033299,0.9979943329516856,0.2625367599951799,0.007600000000000051,1.0,0.008428985165695568
Grid,25,13,0.001641814184512208,0.002745474363267777,0.9979943329177383,0.26253676213081323,0.007600000000000051,1.0,0.008428985160650937
Grid,25,14,0.0016418141722915251,0.002745474340033299,0.9979943329516856,0.2625367599951799,0.007600000000000051,1.0,0.008428985165695568
Grid,25,15,0.0016418141917065425,0.0027454743763461018,0.9979943328986299,0.2625367633630066,0.007600000000000051,1.0,0.008428985165630842
Grid,25,16,0.0016418141722915251,0.002745474340033299,0.9979943329516856,0.2625367599951799,0.007600000000000051,1.0,0.008428985165695568
Grid,25,17,0.0016418142779703474,0.0027454745375060374,0.9979943326631638,0.2625367783192945,0.007600000000000051,1.0,0.008428985167673653
Grid,25,18,0.0016418139037176012,0.002745473837029377,0.9979943336866102,0.2625367133775939,0.007600000000000051,1.0,0.008428985175854553
Grid,25,19,0.0016418141722915251,0.002745474340033299,0.9979943329516856,0.2625367599951799,0.007600000000000051,1.0,0.008428985165695568
Grid,30,0,0.001135191871041206,0.0020779637580937435,0.9988510529912249,0.17689239821609465,0.02739999999999998,0.0,0.004953280129296189
Grid,30,1,0.0014713102285027564,0.002654928801130598,0.9981244449360515,0.23349850207283213,0.007600000000000051,1.0,0.008422990564501465
Grid,30,2,0.0012956013876142729,0.0024153471623334045,0.9984476730962593,0.20443897832695557,0.007600000000000051,1.0,0.008425582888052507
Grid,30,3,0.0011265477539082924,0.0020466952872941484,0.9988853707374391,0.18148203104875307,0.0,0.0,8.684368412281707e-06
Grid,30,4,0.0013647844421280928,0.0025707442430257734,0.9982415022977619,0.21636619290943035,0.007600000000000051,1.0,0.008422222561825565
Grid,30,5,0.0017292542268517513,0.002974469440161761,0.9976458014710039,0.2757519309814724,0.007600000000000051,1.0,0.008426878765083967
Grid,30,6,0.001186250009139894,0.0021268887233147765,0.9987963129208973,0.18772646082952554,0.02739999999999998,0.0,0.006898837857366669
Grid,30,7,0.0014251741604703735,0.0024206536148118434,0.998440844763098,0.2264203180003455,0.0,0.0,0.006797718822960874
Grid,30,8,0.001633896235399811,0.0028789561584315173,0.997794565499716,0.2614226649278433,0.007600000000000051,1.0,0.008423032216497317
Grid,30,9,0.0011154697273421882,0.0019835748400933795,0.9989530613250324,0.18083027828059264,0.0,0.0,0.0046167384859744365
Grid,30,10,0.0011834020744456958,0.0022080530995573448,0.998702692025561,0.18872986875224468,0.02739999999999998,0.0,0.008027102531265595
Grid,30,11,0.0012287941473640004,0.0022302354692219557,0.9986764952683215,0.1924086728699276,0.02739999999999998,0.0,0.0073021942939746065
Grid,30,12,0.0011907724693950874,0.002243527190548312,0.998660672654481,0.19033420504128057,0.0,0.0,7.386413359400379e-06
Grid,30,13,0.0012584875974559716,0.0021623685952567367,0.9987558191514398,0.20290723067910932,0.0,0.0,9.054248120476949e-06
Grid,30,14,0.0014331059030158614,0.0025596426036140676,0.998256657484496,0.22595736865795016,0.007600000000000051,1.0,0.008422686336112983
Grid,30,15,0.0014178163806996562,0.0026097562798169365,0.9981877255655599,0.22505188920272154,0.007600000000000051,1.0,0.008425804234190926
Grid,30,16,0.0013304981591963068,0.002288908383512212,0.9986059418780567,0.21206028519429337,0.02739999999999998,0.0,0.007721387632714349
Grid,30,17,0.0014112121769089979,0.0027507292484736097,0.997986647807391,0.22298238780493843,0.007600000000000051,1.0,0.008420755320239781
Grid,30,18,0.0013530985759711558,0.0023479471026100975,0.9985330994273798,0.21648012605484665,0.02739999999999998,0.0,0.0070785184540254065
Grid,30,19,0.0016941047032831874,0.0030293350246703415,0.9975581517352502,0.26906391680155245,0.007600000000000051,1.0,0.008428195447662823
LHS,6,0,0.009168779134208759,0.0144343180759699,0.9445608447916416,1.640612813717521,0.02739999999999998,1.0,0.0007989021728640466
LHS,6,1,0.003193765357179362,0.004699417551622304,0.9941235894398894,0.5388677486716329,0.02739999999999998,1.0,0.008223417106754782
LHS,6,2,0.005573112363052239,0.008023783992973578,0.9828690077524534,0.9547443569703252,0.007600000000000051,1.0,0.01271962362677137
LHS,6,3,0.005093573571970882,0.006630600444274885,0.988301510808446,0.8540591781374833,0.007600000000000051,1.0,0.008416238634995743
LHS,6,4,0.003327863015824492,0.004767122073385502,0.9939530467953182,0.542739388200633,0.02739999999999998,0.0,0.011556833421443535
LHS,6,5,0.009822155162575726,0.01470421692165584,0.9424682130843643,1.7159502272829794,0.02739999999999998,1.0,0.014364712474315255
LHS,6,6,0.005526791127730867,0.008207590875916122,0.9820751528344873,0.9467337880224213,0.007600000000000051,1.0,0.012977379543556045
LHS,6,7,0.006308960852597175,0.008927758282488114,0.9787915510596362,1.0593032534798226,0.02739999999999998,1.0,0.015091701705783445
LHS,6,8,0.005282274374717072,0.00694624035763718,0.98716122241854,0.8829709777066368,0.02739999999999998,1.0,0.0058671475157764386
LHS,6,9,0.005000224721219973,0.007353798111473011,0.98561044157653,0.8578692497397542,0.02739999999999998,1.0,0.005259913271454697
LHS,6,10,0.02072118968772194,0.0273421765814923,0.8010746051203719,3.4627335748535466,0.017000000000000015,3.0,0.027338194223654466
LHS,6,11,0.009197536604045209,0.011958848144162001,0.9619457853380088,1.564016917079177,0.02739999999999998,1.0,0.004645480427896143
LHS,6,12,0.006433847236136673,0.008701240459235395,0.9798541125883111,1.089946563250942,0.02739999999999998,0.0,0.0005970676325768309
LHS,6,13,0.005409598234334737,0.008608311684239893,0.980282128687785,0.9557407904036657,0.02739999999999998,1.0,0.004312368485975826
LHS,6,14,0.004072876423361019,0.005698274650702286,0.9913600581957752,0.7010206544543826,0.02739999999999998,1.0,0.0062548248557100505
LHS,6,15,0.011018268930712642,0.01519706903559908,0.9385469087325395,1.7506671351195477,0.017000000000000015,3.0,0.026574752125368528
LHS,6,16,0.005849582014903397,0.007289415565532837,0.9858612999531591,0.9881117000988038,0.02739999999999998,0.0,0.005959365965564789
LHS,6,17,0.005790765291208233,0.009018918921261014,0.978356224191391,1.0252771292753404,0.02739999999999998,0.0,0.005826324005428596
LHS,6,18,0.011503430384087668,0.01611508925674767,0.9308981790490267,2.0000022015134853,0.007600000000000051,1.0,0.0042322211062859605
LHS,6,19,0.0038741187403744373,0.005885015173747433,0.990784492959245,0.6736317682103943,0.02739999999999998,1.0,0.006822114797440659
LHS,8,0,0.006404941509375898,0.008646899672057704,0.9801049561208725,1.0639724684079779,0.02739999999999998,1.0,0.001132659921468715
LHS,8,1,0.0062618378948300114,0.00967875796857652,0.9750733841333574,1.0409872369318618,0.02739999999999998,1.0,0.016456145137436984
LHS,8,2,0.00577401552910244,0.008652193096400243,0.9800805901287647,0.9583445218224141,0.02739999999999998,1.0,0.009538349044141636
LHS,8,3,0.0037937051142805634,0.006174299892500958,0.9898562274881875,0.6177245178809054,0.02739999999999998,1.0,0.011328117358228917
LHS,8,4,0.004719661001465782,0.00790633144422729,0.983366865683268,0.7600478464490481,0.02739999999999998,1.0,0.020037187593372585
LHS,8,5,0.00405829181351978,0.0055053678483541835,0.9919351416144873,0.6712686274709861,0.02739999999999998,1.0,0.0004673235940158005
LHS,8,6,0.005148132310628679,0.008105348602536028,0.9825189523091981,0.8458558818900854,0.02739999999999998,1.0,0.01775987085631503
LHS,8,7,0.0024344829250950986,0.0033902086252811723,0.9969417223543211,0.3944695316858938,0.02739999999999998,0.0,0.006998155327613942
LHS,8,8,0.004457736773553528,0.006406352966037105,0.9890794179217671,0.7594870954525825,0.02739999999999998,1.0,0.009118265810930781
LHS,8,9,0.0057683691946080265,0.009111077867256553,0.9779116346032888,0.9902858120958057,0.02739999999999998,1.0,0.004498910962809632
LHS,8,10,0.002622463619542623,0.0036789708441915476,0.9963985552760094,0.4227889467187951,0.02739999999999998,0.0,0.006000730276362165
LHS,8,11,0.00382112815784395,0.005882942493172219,0.9907909831511151,0.6169800541322543,0.02739999999999998,1.0,0.01130530821919895
LHS,8,12,0.0038295136927217945,0.005639688052485553,0.9915368073593049,0.6339624433967134,0.02739999999999998,1.0,0.00053343498258418
LHS,8,13,0.0022838508323973295,0.0034398959718746854,0.9968514203851052,0.36862160673600036,0.02739999999999998,1.0,0.0015749058911485037
LHS,8,14,0.005474130731668702,0.00902601430104817,0.9783221555364934,0.8663423996686249,0.02739999999999998,1.0,0.02334400319635055
LHS,8,15,0.005020805945924668,0.007311684096056555,0.985774783006097,0.8326740686372536,0.02739999999999998,1.0,0.010712583201770931
LHS,8,16,0.0032621659258304553,0.005142836571475158,0.9929623201178781,0.5342280181783281,0.02739999999999998,1.0,0.004743057654129412
LHS,8,17,0.004470116356879038,0.006396330865849298,0.9891135595179884,0.7261383440394963,0.02739999999999998,1.0,0.0048031880648871095
LHS,8,18,0.003788999612266949,0.00518333434341063,0.992851045912732,0.6331052700257158,0.007600000000000051,1.0,0.012562665774982662
LHS,8,19,0.004528224179181462,0.006406687253731879,0.9890782782057778,0.745222901036623,0.026800000000000046,1.0,0.015675400948135798
LHS,10,0,0.0034784785285078574,0.005246767571091306,0.9926749985905093,0.5655240631604003,0.02739999999999998,1.0,0.0029353705103228878
LHS,10,1,0.0038284547576211206,0.005320354312447377,0.9924680891294315,0.6493982218271358,0.007600000000000051,1.0,0.01035859500190539
LHS,10,2,0.0032663467819386074,0.005017076151768252,0.9933023037558264,0.5160027544480343,0.02739999999999998,0.0,0.009740571329132752
LHS,10,3,0.0036884177931982972,0.00546579748244499,0.9920506588766634,0.6040004646784933,0.02739999999999998,1.0,0.0071194078094395374
LHS,10,4,0.0047600376276557485,0.007271961993575596,0.9859289255085617,0.7764573122540026,0.02739999999999998,1.0,0.01471637026163819
LHS,10,5,0.0029578918681494423,0.004220976215849119,0.9952592192421904,0.4857889382767291,0.02739999999999998,1.0,0.0021788313130536308
LHS,10,6,0.0031101438851212798,0.004520034061633079,0.9945636491616779,0.5191873598890723,0.02739999999999998,1.0,0.0014442227006592478
LHS,10,7,0.0031581958074367055,0.005155035986013626,0.9929288921048166,0.5029681251210409,0.02739999999999998,1.0,0.008867811176734852
LHS,10,8,0.004768573624901331,0.006546133552007609,0.9885976653219882,0.7922598375805815,0.02739999999999998,1.0,0.001301312672415511
LHS,10,9,0.0032337623314152627,0.00454704575887892,0.9944984798140227,0.5418802779480631,0.007600000000000051,1.0,0.008415940665784216
LHS,10,10,0.0028900561303250435,0.00427162836165126,0.9951447568513205,0.47606115495747553,0.02739999999999998,1.0,0.004072735422354312
LHS,10,11,0.004991340343038126,0.00736308492069627,0.9855740746647051,0.8321036704130989,0.02739999999999998,1.0,0.00890875937549529
LHS,10,12,0.0032753871263027697,0.006091795228210501,0.9901255104597101,0.5108494726656496,0.02739999999999998,1.0,0.013704313045673322
LHS,10,13,0.002297143138829538,0.0033805177456446424,0.9969591814813038,0.37146693839278355,0.02739999999999998,0.0,0.0011512846606099858
LHS,10,14,0.0027153186251312666,0.004696964387901885,0.9941297229806557,0.4336420333150513,0.02739999999999998,1.0,0.0069157246758067
LHS,10,15,0.005029789357306208,0.007469510333220182,0.9851540386302774,0.8455456919857727,0.02739999999999998,1.0,0.014823542031803583
LHS,10,16,0.0048791916566336855,0.007789714930685279,0.9838539166254593,0.8262648767765342,0.018299999999999983,1.0,0.01131301991178213
LHS,10,17,0.0032607157605544093,0.004919152206883623,0.9935612052317523,0.5585803630442473,0.02739999999999998,0.0,0.0019984212144404934
LHS,10,18,0.0030312791540206044,0.004360144607566323,0.9949414523206095,0.48741885481211084,0.02739999999999998,1.0,0.00924965943228584
LHS,10,19,0.003364799293636955,0.005045426450077694,0.9932263957294128,0.5431736775731514,0.02739999999999998,1.0,0.00019456022108821358
LHS,12,0,0.0028931432974465742,0.004932664309442669,0.9935257840285756,0.459137070852048,0.02739999999999998,1.0,0.005341101606521237
LHS,12,1,0.003027094117022142,0.0046605211602585815,0.994220463249215,0.49531445649399797,0.007600000000000051,1.0,0.011806526546580765
LHS,12,2,0.0024698352343237506,0.003788047854079398,0.9961818325152513,0.4050609460373154,0.02739999999999998,1.0,0.002684281997501037
LHS,12,3,0.0017239722556673203,0.002887443167600357,0.9977815433271281,0.2751327633197403,0.02739999999999998,0.0,0.007159164242401039
LHS,12,4,0.002218493588900781,0.003896680327457983,0.995959699946044,0.34979849445222,0.007600000000000051,1.0,0.013186006882117907
LHS,12,5,0.003082640180153736,0.0049753950427535035,0.993413128371047,0.5078744103748009,0.02739999999999998,1.0,0.005075359147018732
LHS,12,6,0.0037365446109844883,0.005487846498878512,0.9919863942626005,0.6130900761592892,0.02739999999999998,1.0,0.008095403814385671
LHS,12,7,0.002425086922736547,0.0038167538469037997,0.9961237447688919,0.3913648668368872,0.007600000000000051,1.0,0.012002307681018287
LHS,12,8,0.0033076282931866793,0.00581211456443245,0.991011392975232,0.5246058370167129,0.02739999999999998,1.0,0.013679929463836782
LHS,12,9,0.0024594712558490568,0.004210820058770893,0.9952820055298283,0.392350865010847,0.007600000000000051,1.0,0.013355077019662542
LHS,12,10,0.003404077054624914,0.006117286009982845,0.9900426990457907,0.5506272694552095,0.02739999999999998,1.0,0.010562444781241687
LHS,12,11,0.002422420444886985,0.004038507054288241,0.9956602395958711,0.38200778835935073,0.007600000000000051,1.0,0.009479301595100798
LHS,12,12,0.0018268953873584954,0.0027244951361885266,0.9980248679546881,0.29851851569774374,0.02739999999999998,0.0,0.0035386951337817996
LHS,12,13,0.0024805283154087573,0.0038204795457927932,0.9961161735138403,0.40059930556139,0.02739999999999998,1.0,0.0005175023746004648
LHS,12,14,0.0030488889738811676,0.004732761851794339,0.9940399024936024,0.488779042562421,0.007600000000000051,1.0,0.012087576234682706
LHS,12,15,0.0028376147500992943,0.004732589605376542,0.9940403363150353,0.4626355918072432,0.02739999999999998,1.0,0.007188060752919556
LHS,12,16,0.002463627985108032,0.004182477510597712,0.9953453043441817,0.38906391505343985,0.02739999999999998,1.0,0.0010667617176505217
LHS,12,17,0.0032475268573563722,0.0047802160676723585,0.9939197824858155,0.5316487809080294,0.02739999999999998,0.0,0.0005969418382141267
LHS,12,18,0.001985516969661673,0.003282550300980275,0.997132873590973,0.3189861294506419,0.02739999999999998,0.0,0.0013801446945608253
LHS,12,19,0.003247047475433056,0.00609441892429884,0.9901170028727871,0.524929324310803,0.02739999999999998,1.0,0.010699080974603037
LHS,14,0,0.002382003029105807,0.004563238575231015,0.9944592263142799,0.37768686838293103,0.02739999999999998,0.0,0.00977555002757291
LHS,14,1,0.0024171496385399453,0.003778289935085714,0.9962014781920834,0.3985351631500352,0.02739999999999998,1.0,0.002906829515368914
LHS,14,2,0.0038108510572885204,0.007128101354516304,0.9864801524670658,0.6169707846861681,0.02739999999999998,1.0,0.017766592129353276
LHS,14,3,0.002242892053751724,0.003634388584852325,0.9964853119818409,0.36638829602933176,0.02739999999999998,1.0,0.0004891865707867815
LHS,14,4,0.0037384631003068275,0.005164773358145877,0.992902153576324,0.6154066205709284,0.0,0.0,0.013310002293800194
LHS,14,5,0.003698776882176679,0.00598356542136191,0.9904732635958261,0.6036070696396407,0.02739999999999998,1.0,0.005793233256966901
LHS,14,6,0.0028710816280592905,0.004454114313148727,0.9947210593536989,0.4633972643026393,0.0,0.0,0.010706797062785656
LHS,14,7,0.0014658691617006644,0.0021679868484193636,0.9987493455059655,0.23668384333328665,0.018299999999999983,0.0,0.004687563429203845
LHS,14,8,0.002249458072029527,0.0038503079047889936,0.9960552908884636,0.3596106802100379,0.007600000000000051,1.0,0.012039213468114318
LHS,14,9,0.002555953000299506,0.004044296865817325,0.9956477872684493,0.4195287325187079,0.02739999999999998,1.0,0.0017491892801642095
LHS,14,10,0.0030833425176743576,0.004971632064998357,0.9934230881342684,0.5121198048800962,0.026800000000000046,1.0,0.012125102844464553
LHS,14,11,0.0033413665296528885,0.005627734018131148,0.9915726469568342,0.5579521920689877,0.02739999999999998,1.0,0.005867977918075251
LHS,14,12,0.003323195552652839,0.00583804399903956,0.9909310128007208,0.5402968140119788,0.02739999999999998,1.0,0.007993276047090658
LHS,14,13,0.0026012211538666194,0.005108173349304976,0.9930568697070019,0.4108769919520347,0.02739999999999998,1.0,0.010345044050809826
LHS,14,14,0.0020969693012998555,0.0037989372543097704,0.9961598489942214,0.3391246417938088,0.02739999999999998,1.0,0.0019212905268535252
LHS,14,15,0.003333132532987019,0.005349671980938165,0.9923848516384709,0.5510864294765738,0.02739999999999998,0.0,0.009515612917982752
LHS,14,16,0.002785456821275221,0.00442277649448165,0.9947950801413955,0.4530149332930139,0.007600000000000051,1.0,0.011875852134339837
LHS,14,17,0.0018432610763132592,0.0027907862384829504,0.9979275827099481,0.29303779638681493,0.02739999999999998,0.0,0.0055796118044431076
LHS,14,18,0.00364946477760209,0.0051511981912387254,0.9929394167100484,0.6111364422945038,0.007600000000000051,1.0,0.0035431735414237497
LHS,14,19,0.0015613456067936056,0.002752332681203613,0.9979842999094987,0.24592019364809764,0.02739999999999998,0.0,0.005491373852291925
LHS,16,0,0.0032473715460144595,0.005471525653464251,0.9920339882824484,0.5248065629199633,0.02739999999999998,0.0,0.012896998905545853
LHS,16,1,0.001577821523084959,0.002820971565643109,0.9978825094605831,0.2457628925658423,0.02739999999999998,0.0,0.008532150244057068
LHS,16,2,0.0017258402448894305,0.003458892147476252,0.9968165494941569,0.2685210669298139,0.02739999999999998,1.0,0.0024642269579774334
LHS,16,3,0.003879207188033047,0.006536931881425447,0.9886296985169076,0.6391681574218405,0.007600000000000051,1.0,0.018672697735668486
LHS,16,4,0.0021654004194124688,0.0037595782041254717,0.9962390088831987,0.34324898405391097,0.007600000000000051,1.0,0.013845533730649784
LHS,16,5,0.0022931197797943204,0.0038557830210864084,0.9960440642034227,0.3665630403697833,0.02739999999999998,1.0,0.0008966481475631838
LHS,16,6,0.001942206456387153,0.004001956302894002,0.9957384386406081,0.3053158119609038,0.02739999999999998,1.0,0.005751734161996369
LHS,16,7,0.0021621793524296312,0.0031272146066208266,0.9973978074256402,0.3541974573424806,0.02739999999999998,0.0,0.007634136769861466
LHS,16,8,0.001985507114544185,0.003329392249601877,0.9970504620402612,0.31906161726100574,0.02739999999999998,0.0,0.005853984089728925
LHS,16,9,0.0016911114690105725,0.0026775839523534616,0.9980922992329234,0.27320669244545615,0.02739999999999998,0.0,0.004533361504292177
LHS,16,10,0.0021922405187039824,0.0039949100829372135,0.9957534320395651,0.3448360531471992,0.02739999999999998,1.0,0.004101930805869403
LHS,16,11,0.0021397019082040466,0.0036823486470865044,0.9963919389936354,0.33574285128594944,0.02739999999999998,0.0,0.005210282421657664
LHS,16,12,0.0030739051922944213,0.004801269248401407,0.9938661071687717,0.48668153985613716,0.02739999999999998,0.0,0.006481407485008028
LHS,16,13,0.002187262023653165,0.004019677844197476,0.9957006128161014,0.34538196514372094,0.018299999999999983,0.0,0.01178612773584753
LHS,16,14,0.002479108575021297,0.004237434086719434,0.99522217792174,0.39440101972096664,0.018299999999999983,0.0,0.012567826216996147
LHS,16,15,0.0022169672367442547,0.003658666362538379,0.9964381987955049,0.35564569913876304,0.02739999999999998,0.0,0.0020905213315063342
LHS,16,16,0.002111909288479634,0.004452103812031268,0.9947258239017098,0.3333552902565311,0.02739999999999998,1.0,0.004441971815818624
LHS,16,17,0.0018008729010507314,0.0029040107532043295,0.997756012146988,0.2867290879627395,0.02739999999999998,0.0,0.008119884869622007
LHS,16,18,0.001954767722842895,0.0032124556807713615,0.9972540137958172,0.31717417080014243,0.02739999999999998,0.0,0.009936723181160678
LHS,16,19,0.001920176543754615,0.0027838507206265177,0.997937870439655,0.3062511438665569,0.018299999999999983,0.0,0.004686409974219652
LHS,20,0,0.002507961620427389,0.005118588326643408,0.9930285283574878,0.4036562738315174,0.02739999999999998,1.0,0.010921463344307214
LHS,20,1,0.001969011192276599,0.003595340364022189,0.996560430554541,0.31383260589091116,0.02739999999999998,1.0,0.0007380943779961013
LHS,20,2,0.001647500237081714,0.002721670160667806,0.9980289617824682,0.2743763193847596,0.0,0.0,0.004460028243635561
LHS,20,3,0.002167275407795138,0.00424420789123647,0.9952068904151583,0.349903816153392,0.02739999999999998,1.0,0.006118166156840021
LHS,20,4,0.001982760909354988,0.003673834961272967,0.9964086035685877,0.32259334673452733,0.02739999999999998,1.0,0.0003111615123336797
LHS,20,5,0.0032506285275945407,0.006088288560346055,0.9901368754474269,0.5426693935134524,0.02739999999999998,1.0,0.011072906636213187
LHS,20,6,0.0020228570965358777,0.004328916203447579,0.9950136538985208,0.3209421636286782,0.02739999999999998,1.0,0.00401531499536989
LHS,20,7,0.002026330572831017,0.0036526456457316456,0.9964499117802877,0.3252091309079801,0.02739999999999998,1.0,0.002297472072858242
LHS,20,8,0.0020032592114066347,0.004743314913070002,0.9940132933381042,0.3231474469131217,0.02739999999999998,1.0,0.01056232665692347
LHS,20,9,0.002143877723108852,0.0030794933533329016,0.9974766203084799,0.3506819503285101,0.018299999999999983,0.0,0.0046892208740971775
LHS,20,10,0.0033313456333283853,0.0056065442787674525,0.9916359894063987,0.5605091819966365,0.018299999999999983,0.0,0.011219702552372701
LHS,20,11,0.0016871588651392669,0.0030438514804585403,0.9975346931792511,0.2650547927919483,0.02739999999999998,0.0,0.011935249664908554
LHS,20,12,0.00317229792177446,0.005094183854768888,0.9930948472277161,0.5291776255141354,0.007600000000000051,1.0,0.012550324204600893
LHS,20,13,0.0017501765868247576,0.0032179432236503704,0.9972446243512354,0.2803996052253437,0.02739999999999998,0.0,0.0034731691022041877
LHS,20,14,0.0019913612117712105,0.0044594852991696726,0.9947083204749005,0.31182769829992585,0.02739999999999998,1.0,0.00924726483714422
LHS,20,15,0.0013614518803737334,0.0023293865435138755,0.998556199506423,0.2152965741314605,0.02739999999999998,0.0,0.005203176685748767
LHS,20,16,0.0034610649332329304,0.006292020555329571,0.9894657328757717,0.5502351606166926,0.0,1.0,0.00884101407929383
LHS,20,17,0.0015056124933452769,0.0024481267970302713,0.9984052526956474,0.24510500454816578,0.0,0.0,0.004393225395253997
LHS,20,18,0.0017961411058636028,0.0028490262606337253,0.9978401829462308,0.287730385268536,0.02739999999999998,0.0,0.005666279374012317
LHS,20,19,0.002410383544848486,0.005141507237780122,0.992965957883055,0.3766207092050748,0.02739999999999998,1.0,0.008141920084472676
LHS,25,0,0.0018072674934036387,0.004394112421667456,0.9948623278249307,0.2835864959975384,0.02739999999999998,1.0,0.004767955207047758
LHS,25,1,0.002661138519998967,0.0056305987092902365,0.9915640652050554,0.41226591962202586,0.0,1.0,0.006102405626585261
LHS,25,2,0.0019279327293174877,0.004617990293788308,0.9943254674322021,0.30160617021048697,0.02739999999999998,1.0,0.003984496131961834
LHS,25,3,0.0013120148738625613,0.0021946040013883427,0.9987184475218205,0.20969432616777506,0.018299999999999983,0.0,0.0046878523657262194
LHS,25,4,0.0020536076846145754,0.005096617104501736,0.9930882491251085,0.32056128028613995,0.02739999999999998,1.0,0.008125919997936104
LHS,25,5,0.002154526811776828,0.004092550693089591,0.9955433123582886,0.3546099261925376,0.02739999999999998,0.0,0.0011538250103372283
LHS,25,6,0.002028393499107921,0.0035478549457674015,0.9966506867148608,0.3328790566179093,0.0,0.0,5.0018981034849475e-06
LHS,25,7,0.0021756241774988794,0.00465303963049198,0.994239004124095,0.3398889759224628,0.0,1.0,0.003250272894985917
LHS,25,8,0.0015531864340261796,0.0026777811168343163,0.9980920182746518,0.25622923174593804,0.0,0.0,0.003966710382786398
LHS,25,9,0.0014544718468085295,0.002726310744801556,0.9980222346142307,0.23255535151831605,0.02739999999999998,0.0,0.0026687985536126835
LHS,25,10,0.0019601196572562093,0.0033786450662524692,0.9969625495458078,0.33140236652811883,0.02739999999999998,0.0,0.001443664151110302
LHS,25,11,0.002632440957628747,0.005429130311214124,0.9921569570555765,0.43914999711462555,0.02739999999999998,1.0,0.004050067620920417
LHS,25,12,0.003207130146388359,0.0069614409193235,0.9871049703591145,0.5136385271103407,0.02739999999999998,1.0,0.01660691195952657
LHS,25,13,0.0014417053878427672,0.002492387669358966,0.9983470670033768,0.24081935273920535,0.02739999999999998,0.0,0.004403243867079132
LHS,25,14,0.0017108508714708422,0.0033041575551220202,0.9970950038754427,0.27626612322905375,0.02739999999999998,0.0,0.0005959148666750957
LHS,25,15,0.0021376503148886773,0.004134611201683549,0.9954512358960073,0.3348287198449885,0.0049000000000000155,2.0,0.014580156343946049
LHS,25,16,0.0018368762256032896,0.0032822686692270905,0.9971333655494344,0.2906870965759166,0.02739999999999998,1.0,0.002356097641314614
LHS,25,17,0.0018157871080882043,0.003178108654694928,0.997312419116459,0.29594621771816126,0.018299999999999983,0.0,0.004688118057363688
LHS,25,18,0.00220303609097402,0.004973878353236048,0.9934171436166161,0.3518938004843356,0.02739999999999998,1.0,0.00616888426115314
LHS,25,19,0.0014680186101866065,0.0024673599142255717,0.9983800967721301,0.24262000772447387,0.0,0.0,0.005771854389479358
LHS,30,0,0.0020571951420514847,0.004023208720389361,0.9956930563542453,0.34065378763457577,0.02739999999999998,1.0,0.0015864602257935623
LHS,30,1,0.002563728593461009,0.005946440775080553,0.9905911129087956,0.4121543563508413,0.02739999999999998,1.0,0.010806621058908616
LHS,30,2,0.0020461788185735835,0.00404350469755187,0.9956494920627662,0.3272148655042931,0.02739999999999998,0.0,0.009345377294015633
LHS,30,3,0.001321825360213576,0.0026986915877583698,0.9980621035286079,0.21253758643635895,0.02739999999999998,0.0,0.0039963568188178256
LHS,30,4,0.0014757688252172772,0.0027860521388212373,0.9979346077615089,0.2481588662902071,0.02739999999999998,0.0,0.003520909444839182
LHS,30,5,0.0018995241438924894,0.003867925719423431,0.9960191087677887,0.306506261717262,0.02739999999999998,1.0,0.0032544909210000528
LHS,30,6,0.0014585102683148813,0.002674340130515312,0.9980969186906687,0.22929689163895361,0.02739999999999998,0.0,0.007784033326026174
LHS,30,7,0.00205765188797547,0.0046226489449043414,0.9943140126650793,0.31768587910833257,0.02739999999999998,1.0,0.003843076481311436
LHS,30,8,0.00103961591154368,0.0019216109671615943,0.9990174492335443,0.1686159766424103,0.018299999999999983,0.0,0.0003401464234946694
LHS,30,9,0.0017644166197130402,0.003630153751880136,0.9964934979227681,0.28137059211355575,0.02739999999999998,1.0,0.0013829177835895656
LHS,30,10,0.0025888877631111934,0.006916234939270259,0.9872719012418166,0.40825484504491233,0.02739999999999998,1.0,0.018287910782673333
LHS,30,11,0.0011964574164429367,0.002316268956487607,0.9985724148075028,0.1900714384513957,0.02739999999999998,0.0,0.0005969769271405578
LHS,30,12,0.0016072882995141658,0.0033211322412957166,0.9970650791141566,0.2539364156525113,0.02739999999999998,1.0,0.0014684311450440246
LHS,30,13,0.0030664185503145583,0.006352041753141879,0.9892637961329926,0.5307945366633174,0.02739999999999998,1.0,0.003635839037981037
LHS,30,14,0.0020135488074817017,0.004625658519883752,0.99430660653239,0.3152949183098141,0.02739999999999998,1.0,0.0039279565414392925
LHS,30,15,0.002252586675903392,0.0050045675044056975,0.9933356597098789,0.3707495923511035,0.02739999999999998,1.0,0.004522524197467237
LHS,30,16,0.002242571121553887,0.004567833445024866,0.9944480623345632,0.36254640084526185,0.02739999999999998,1.0,0.002135157658923914
LHS,30,17,0.00156947718372832,0.0029820500712794554,0.9976337865202813,0.2600965383771756,0.02739999999999998,0.0,0.00703148197373793
LHS,30,18,0.0013250544323576271,0.002784696889235749,0.9979366166551203,0.20638420589819784,0.02739999999999998,1.0,0.0021541039022374697
LHS,30,19,0.0019202921136364153,0.003440128521675547,0.9968509946592587,0.3186193996766461,0.0,0.0,0.008636046733237257
BO-UCB,6,0,0.010702970781069885,0.01711790314493165,0.922030420705571,1.917178088877423,0.007600000000000051,1.0,0.008493826306388952
BO-UCB,6,1,0.032023859803409244,0.051644238194302854,0.2903114272175519,5.960922952633105,0.02739999999999998,0.0,0.017146958117040145
BO-UCB,6,2,0.021023269317981357,0.029824588656968288,0.7633137730932673,3.764301068705711,0.007600000000000051,1.0,0.005556948094600389
BO-UCB,6,3,0.019331325583696622,0.03197822989840637,0.7278972680284624,3.592542337607721,0.02739999999999998,1.0,0.0005600032572914415
BO-UCB,6,4,0.004273645779734762,0.005735534097917381,0.9912467004000615,0.6845747101069652,0.02739999999999998,0.0,0.015580465882376604
BO-UCB,6,5,0.01722100998650962,0.029972611736886902,0.7609585375364929,3.2150234458311813,0.02739999999999998,1.0,0.0023942450552464356
BO-UCB,6,6,0.01438325506347877,0.01934599242960322,0.9004122114913647,2.479579085872426,0.026800000000000046,1.0,0.003941273100187881
BO-UCB,6,7,0.005557147815576362,0.00783972225969973,0.9836459464493528,0.9486867865943602,0.007600000000000051,1.0,0.01652281631118402
BO-UCB,6,8,0.014896485185639956,0.019107755636987748,0.9028498627384701,2.542970610690149,0.007600000000000051,1.0,0.006375647505280857
BO-UCB,6,9,0.016814486692316177,0.029479532508007444,0.7687587834080227,3.0996624550261744,0.0,0.0,0.015201278619996539
BO-UCB,6,10,0.018678066913950683,0.033599270474760926,0.699611185394337,3.519699819584162,0.0,0.0,0.006930797502177843
BO-UCB,6,11,0.007592077649575137,0.01151495567353344,0.9647183731546524,1.3211428767619486,0.0,0.0,0.018174047565486462
BO-UCB,6,12,0.011183050602849968,0.016262696028651845,0.9296265000988608,1.7911224963593992,0.017000000000000015,3.0,0.005822634642377866
BO-UCB,6,13,0.005793204244108009,0.008932387828294402,0.9787695498046524,1.000200120983352,0.02739999999999998,0.0,0.018275005397120125
BO-UCB,6,14,0.02065051370016631,0.03348984733710106,0.701564558960333,3.81432989458887,0.0,0.0,0.010432358369106165
BO-UCB,6,15,0.006215762358336496,0.009987056629663225,0.9734601119690672,1.083776016409787,0.02739999999999998,0.0,0.001214758765740065
BO-UCB,6,16,0.008193269311286368,0.010761885298604734,0.9691822605339184,1.3624026427748408,0.0049000000000000155,2.0,0.013832079789369955
BO-UCB,6,17,0.011779042606805143,0.018522706182220353,0.9087079547469843,2.135567758392991,0.007600000000000051,1.0,0.01612341866277156
BO-UCB,6,18,0.023132316404938656,0.038797850770412576,0.5994659906987801,4.311351509135012,0.007600000000000051,1.0,0.011643990181486985
BO-UCB,6,19,0.004016783846900665,0.005824287507558094,0.9909737019133392,0.6466623736526794,0.02739999999999998,0.0,0.01766019133566099
BO-UCB,8,0,0.01942263900114162,0.031005947963428666,0.7441920195697551,3.566600552225157,0.007600000000000051,1.0,0.013476281566897508
BO-UCB,8,1,0.007604571381315135,0.011676503755671846,0.9637214677571839,1.3570317721873997,0.02739999999999998,0.0,0.0005977375303296562
BO-UCB,8,2,0.011169598067286868,0.01847237368517149,0.9092034237699915,1.986213631385805,0.018299999999999983,0.0,0.0012234153331485143
BO-UCB,8,3,0.012159993993854772,0.018053710085961537,0.913272467665326,2.1556790788943285,0.0,0.0,5.515804339939478e-07
BO-UCB,8,4,0.006078632133632609,0.009641046796132792,0.9752672479817135,1.0630181566197772,0.018299999999999983,0.0,0.01153106599342979
BO-UCB,8,5,0.006305793860026057,0.009018299984828643,0.9783591947606654,1.1013693181285609,0.007600000000000051,1.0,0.013412140752109503
BO-UCB,8,6,0.010109437617607622,0.013764736518867464,0.9495849889559725,1.751693157764521,0.007600000000000051,1.0,0.00841708309612621
BO-UCB,8,7,0.013544187777536434,0.02083357226088188,0.8845080941931576,2.40737192160392,0.0,0.0,1.2427516813406925e-06
BO-UCB,8,8,0.00951465363967166,0.016808824787763268,0.9248206161970696,1.7200621546558523,0.007600000000000051,1.0,0.008416920562672847
BO-UCB,8,9,0.009416126338324856,0.014449375504291859,0.9444451196836158,1.6892844940079352,0.007600000000000051,1.0,0.008417413980427835
BO-UCB,8,10,0.01152964062604488,0.01582489984337146,0.9333644477392853,1.9308711180842701,0.007600000000000051,1.0,0.009368377574898279
BO-UCB,8,11,0.014949711209653629,0.025003447445278795,0.8336496009707434,2.717808751440505,0.02739999999999998,0.0,0.000597789685007899
BO-UCB,8,12,0.012278899918773435,0.019588786334918243,0.8978968549488575,2.2247292512096553,0.007600000000000051,1.0,0.008417369688435539
BO-UCB,8,13,0.0064598971433319965,0.0108159461215931,0.9688718656817341,1.1731415136476635,0.007600000000000051,1.0,0.008416536143401654
BO-UCB,8,14,0.010892109665036656,0.01575947188258469,0.9339143173119709,1.9436287034993973,0.007600000000000051,1.0,0.008416416709035701
BO-UCB,8,15,0.009326517831946315,0.015814804675960237,0.9334494381652195,1.6910761581810592,0.007600000000000051,1.0,0.008416727060746032
BO-UCB,8,16,0.004583425873360772,0.006374847682110652,0.9891865646987819,0.7648015897479644,0.007600000000000051,1.0,0.008416865965321985
BO-UCB,8,17,0.01779985807093104,0.028471830506042094,0.7842976678766624,3.2670255236587473,0.007600000000000051,1.0,0.008416479442494018
BO-UCB,8,18,0.0035303837552557536,0.005292246025720639,0.9925474634911097,0.5742246355755533,0.007600000000000051,1.0,0.01336263687544803
BO-UCB,8,19,0.006205652306355298,0.008753653772783851,0.9796106776555249,1.0741382464609563,0.007600000000000051,1.0,0.013262186898969963
BO-UCB,10,0,0.01893408817616489,0.03253738026537871,0.7182984560534864,3.5305852257607317,0.0,0.0,0.004591785238232671
BO-UCB,10,1,0.018841295929615406,0.032061950386818285,0.7264706478565346,3.4980504657117466,0.0,0.0,0.00037649429339448037
BO-UCB,10,2,0.005130339704989261,0.0067038663635521295,0.9880415536870852,0.873267674834601,0.007600000000000051,1.0,0.008418689472061036
BO-UCB,10,3,0.00890820423016345,0.012780503461786092,0.9565369713678342,1.5753802351827026,0.02739999999999998,0.0,0.0005984763000894677
BO-UCB,10,4,0.015642021371219915,0.02331863654627637,0.8553127147401131,2.779902123808653,0.0,0.0,1.4372765295700418e-06
BO-UCB,10,5,0.014178259847884915,0.0261313743863592,0.8183026615595457,2.6442118700434833,0.02739999999999998,0.0,0.0005981191942078246
BO-UCB,10,6,0.014494241664309147,0.024775087488614764,0.8366743275575834,2.627714684884707,0.0,0.0,0.0001578451464725461
BO-UCB,10,7,0.009191241982806452,0.014558516094924957,0.9436027038425109,1.6405293539102226,0.02739999999999998,0.0,0.0005980987491821521
BO-UCB,10,8,0.005131497041205319,0.007556753242515193,0.9848052155574847,0.8655077980927125,0.007600000000000051,1.0,0.008418080964441188
BO-UCB,10,9,0.012590896608514325,0.023287803995474532,0.8556950809031999,2.310816333901524,0.018299999999999983,0.0,0.0009602376140721569
BO-UCB,10,10,0.014363284492036868,0.019409661819393003,0.8997556282074844,2.4765262056463406,0.02739999999999998,0.0,0.0005993071021560548
BO-UCB,10,11,0.004678935579527889,0.007041573215246395,0.9868063955421648,0.8088074501018829,0.02739999999999998,0.0,0.0005994304307115339
BO-UCB,10,12,0.006759813278054347,0.01199286830721493,0.9617289664594351,1.2081403764618686,0.02739999999999998,0.0,0.0005993266644501727
BO-UCB,10,13,0.005029942810071594,0.008037244678388386,0.9828114816972955,0.8789220777523957,0.02739999999999998,0.0,0.0005981880805983053
BO-UCB,10,14,0.012894972400094736,0.0219128351321046,0.8722322626946333,2.3288382981752664,0.007600000000000051,1.0,0.008418116991342983
BO-UCB,10,15,0.003868962477499834,0.005929878891150667,0.9906434507345142,0.6768618236736372,0.018299999999999983,0.0,0.004685931204749361
BO-UCB,10,16,0.016755935804018615,0.025348530912636266,0.8290261660022269,2.9847688961484318,0.02739999999999998,0.0,0.0005983489716772095
BO-UCB,10,17,0.006803299673653413,0.011390890162582297,0.9654745466716919,1.2307860226121714,0.018299999999999983,0.0,0.0046853804670696775
BO-UCB,10,18,0.012113675599400568,0.015143496597730373,0.9389794117524093,2.0527362049973283,0.0,0.0,2.3821419268266197e-06
BO-UCB,10,19,0.03349164877750285,0.0544600803958874,0.21081173715916224,6.227536965273033,0.02739999999999998,0.0,0.0005976487760187554
BO-UCB,12,0,0.0056372148992630215,0.010394640690887429,0.9712496573586353,1.0273755977268713,0.0,0.0,5.963257332375349e-07
BO-UCB,12,1,0.009224695660538062,0.014814770191346275,0.9415998584939483,1.6265368978376369,0.02739999999999998,0.0,0.0005986518761158521
BO-UCB,12,2,0.01306407237555273,0.02294173554500318,0.8599521003833073,2.435664705190051,0.02739999999999998,0.0,0.0005975153620879636
BO-UCB,12,3,0.012468866658736338,0.01946137920522441,0.8992207107180967,2.239662998966145,0.0,0.0,1.3449814595389853e-06
BO-UCB,12,4,0.004959933729706939,0.007294766708757584,0.9858405339593587,0.8584449982714919,0.0,0.0,1.252354906777775e-06
BO-UCB,12,5,0.006374226053487583,0.008919467224218875,0.978830924624726,1.0824526694964456,0.0,0.0,3.953219558372467e-06
BO-UCB,12,6,0.010119979793632054,0.015621553294094852,0.9350659500238945,1.8213978130084432,0.0,0.0,1.4030595976155524e-06
BO-UCB,12,7,0.008906707529757335,0.014340717269554834,0.9452775152740933,1.597501864615268,0.02739999999999998,0.0,0.0005990386853149676
BO-UCB,12,8,0.005318121187292819,0.007298716388162298,0.9858251968022568,0.929588200123507,0.02739999999999998,0.0,0.0005990581397146144
BO-UCB,12,9,0.016522591276098852,0.02927085825942284,0.7720209315481804,3.0469977181989485,0.0,0.0,8.707611209857191e-07
BO-UCB,12,10,0.009031698768830095,0.01481680236231777,0.9415838356720636,1.624224152747897,0.02739999999999998,0.0,0.0005992320372306681
BO-UCB,12,11,0.0167313590412385,0.02913497166415962,0.7741327514484247,3.0969939695087008,0.0,0.0,6.262781857557798e-07
BO-UCB,12,12,0.007490893312372765,0.011441070208209675,0.9651696881669428,1.3236454040642176,0.02739999999999998,0.0,0.0005993003705124789
BO-UCB,12,13,0.005346402507516573,0.010936430412354923,0.9681744989919615,0.972468581595042,0.02739999999999998,0.0,0.0005992036136169832
BO-UCB,12,14,0.01651780356245603,0.027674689749468143,0.7962068495765583,3.057793970547619,0.0,0.0,6.950958170159893e-07
BO-UCB,12,15,0.006492360685272919,0.010023797905569157,0.9732644781513042,1.1502812250541994,0.02739999999999998,0.0,0.0005991304533422559
BO-UCB,12,16,0.015110554859600257,0.020754619767752863,0.885381789394671,2.6049934480474364,0.0,0.0,2.0814902546018033e-06
BO-UCB,12,17,0.005854139368226318,0.008331440809877503,0.9815301108967566,1.0321598890249772,0.02739999999999998,0.0,0.0005984023986650433
BO-UCB,12,18,0.0143313720666586,0.02014900156713092,0.8919732967212279,2.5425527394295693,0.0,0.0,3.6927374735817864e-07
BO-UCB,12,19,0.007790658276712865,0.011861154060839554,0.9625649898622959,1.3894336136512122,0.02739999999999998,0.0,0.0005996149165302667
BO-UCB,14,0,0.007664181078795453,0.015878417534839057,0.9329129806039336,1.426355031500994,0.0,0.0,3.5346425703020046e-06
BO-UCB,14,1,0.004840628773830793,0.006873608925113081,0.9874283089437623,0.8398121324752909,0.0,0.0,2.6114422684297978e-06
BO-UCB,14,2,0.006812427527779571,0.009692811335740053,0.9750009456650077,1.195655797714673,0.0,0.0,2.305644159372733e-06
BO-UCB,14,3,0.008893048908380611,0.01475177504509644,0.9420954589888085,1.6129345534992408,0.0,0.0,1.5268531757817172e-06
BO-UCB,14,4,0.006629495059865139,0.011124496965921866,0.9670705236016358,1.1868838183682693,0.0,0.0,1.645643071479519e-06
BO-UCB,14,5,0.00958554207422091,0.019348724992479884,0.9003840765571038,1.7840202796608997,0.0,0.0,2.105476025970887e-06
BO-UCB,14,6,0.008407903929391551,0.013442100858187223,0.9519206751303837,1.5078703825678068,0.0,0.0,2.083425111654158e-06
BO-UCB,14,7,0.017094745510896722,0.03242017495157355,0.7203242768935758,3.2388061445824277,0.0,0.0,6.471110941541625e-07
BO-UCB,14,8,0.005648101350474941,0.008638296344136409,0.9801445260112245,0.9870787063521103,0.0,0.0,2.3224168607116624e-06
BO-UCB,14,9,0.006193123156956367,0.009482948141466954,0.9760717568869814,1.0930245213476373,0.0,0.0,2.138119531536198e-06
BO-UCB,14,10,0.007021388653130021,0.014388403817145262,0.9449129777138232,1.296812081174548,0.0,0.0,1.8689593620502265e-06
BO-UCB,14,11,0.008438676409713982,0.013383533985092805,0.9523387230893757,1.5069863357523297,0.0,0.0,2.1277205806136124e-06
BO-UCB,14,12,0.009256374099275584,0.017052097754247316,0.9226287365769847,1.7049366440598557,0.0,0.0,1.8298939434835404e-06
BO-UCB,14,13,0.012688617160649196,0.02301742884799274,0.8590264358117886,2.3599842082953497,0.0,0.0,1.1192529038028809e-06
BO-UCB,14,14,0.006071520296853462,0.01104361645859673,0.9675476095911903,1.1147432794405918,0.0,0.0,1.8537467516566153e-06
BO-UCB,14,15,0.011809429154466465,0.021181775266844127,0.8806152722694678,2.1267392095356996,0.0,0.0,2.538721342593142e-06
BO-UCB,14,16,0.00994143041781466,0.01780558370496308,0.9156400153506445,1.8378492103842383,0.0,0.0,1.3706975710015001e-06
BO-UCB,14,17,0.005659496458684378,0.00880191571236516,0.9793852310217462,0.97869553796994,0.0,0.0,2.5861102586066664e-06
BO-UCB,14,18,0.009343356715507008,0.01684929601358924,0.9244581560310583,1.7123365525822047,0.0,0.0,1.8052809970248163e-06
BO-UCB,14,19,0.0055745195003500305,0.007854098313938738,0.9835859131175481,0.9735842777449915,0.0,0.0,2.8182813713861776e-06
BO-UCB,16,0,0.009629358451922896,0.015013541806252457,0.9400222214161507,1.7172580862907219,0.0,0.0,1.9055729481021189e-06
BO-UCB,16,1,0.0030372957638210136,0.004305137908371664,0.9950682824317156,0.5248185823860246,0.0,0.0,3.562632474030103e-06
BO-UCB,16,2,0.013868011595013099,0.02608908169885501,0.8188903268023789,2.561181998490751,0.0,0.0,1.2763245063052153e-06
BO-UCB,16,3,0.011458535766209761,0.022969039165007046,0.859618551943442,2.1725470404909704,0.0,0.0,8.967686829786103e-07
BO-UCB,16,4,0.009084347509606207,0.014512520556519934,0.9439584992081279,1.6209727136949712,0.0,0.0,2.844505031629474e-06
BO-UCB,16,5,0.007616621678066756,0.011599856075520157,0.9641961884235463,1.3375164393253167,0.0,0.0,1.0127324604480847e-06
BO-UCB,16,6,0.003369095495379217,0.005339813885891303,0.9924128913718573,0.5842845600096973,0.0,0.0,3.513373412089571e-06
BO-UCB,16,7,0.012278242440966465,0.02111822810746253,0.8813305267801541,2.287200805479488,0.0,0.0,1.0901870118873447e-06
BO-UCB,16,8,0.009034259917092871,0.018522636286035263,0.9087086437341754,1.7127097619573566,0.0,0.0,1.6354617353719902e-06
BO-UCB,16,9,0.0067808032604659806,0.010499348603230763,0.9706675207252381,1.1987635237522711,0.0,0.0,2.266831466757324e-06
BO-UCB,16,10,0.008853414956763086,0.014355449211109369,0.9451650268242943,1.612751761309976,0.0,0.0,2.2483764042791066e-06
BO-UCB,16,11,0.008810362686051142,0.01868689635381567,0.9070823077387494,1.666432901300143,0.0,0.0,2.3981519263749362e-06
BO-UCB,16,12,0.006978768385437434,0.010200803499057986,0.9723119210412614,1.2238767080888597,0.0,0.0,2.198150375831709e-06
BO-UCB,16,13,0.015440754430785531,0.028708019396578584,0.7807040943228829,2.920443931336989,0.0,0.0,5.875165056679066e-07
BO-UCB,16,14,0.004856971265401831,0.0075728262796732,0.9847405089145778,0.8390566122593084,0.0,0.0,1.6175243795490957e-06
BO-UCB,16,15,0.009591313148283364,0.017596721317756827,0.9176075203223195,1.7859926905045744,0.0,0.0,1.2981209915885472e-06
BO-UCB,16,16,0.004659296846172749,0.0075649907042971195,0.98477207045593,0.847862058531749,0.0,0.0,1.2051004112390018e-06
BO-UCB,16,17,0.010749160062069175,0.01995946099635598,0.893996140109933,1.9982740157035508,0.0,0.0,1.5864106783780585e-06
BO-UCB,16,18,0.00923252188065355,0.014405228867662295,0.9447840705959886,1.639899591785035,0.0,0.0,2.494260504581902e-06
BO-UCB,16,19,0.008417856833842286,0.015865849173919668,0.9330191423381379,1.546396559559144,0.0,0.0,1.92992288661209e-06
BO-UCB,20,0,0.011243071630419568,0.01917792588544437,0.9021350151474306,2.066568651848957,0.0,0.0,1.0126528172671456e-06
BO-UCB,20,1,0.007028137156135061,0.010392245372875286,0.9712629061626956,1.2062421456776722,0.0,0.0,2.663078424558485e-06
BO-UCB,20,2,0.0064350689753925674,0.010761922607052329,0.9691820468605742,1.1132742528766528,0.0,0.0,2.9577665708879763e-06
BO-UCB,20,3,0.00388846607785456,0.0067448444676728985,0.9878949122937041,0.6645031919443806,0.0,0.0,2.9972032203895438e-06
BO-UCB,20,4,0.011313343552541186,0.01976418149252379,0.8960602356188956,2.0356719300576294,0.0,0.0,2.4495578799799134e-06
BO-UCB,20,5,0.009999289964543866,0.01873860278711333,0.9065673919083976,1.8219605610739886,0.0,0.0,2.635162831055027e-06
BO-UCB,20,6,0.008271665615016357,0.016709414454678627,0.9257072346926606,1.5031789076734339,0.0,0.0,2.0205905677528335e-06
BO-UCB,20,7,0.009480033898382851,0.018032693045271678,0.9134742760577259,1.7506125086110103,0.0,0.0,1.2400935365253218e-06
BO-UCB,20,8,0.005009147809306802,0.009401904464446189,0.9764790028595031,0.9113193976622083,0.0,0.0,2.9445905874725398e-06
BO-UCB,20,9,0.004416998377151247,0.007746275594985886,0.9840334917532709,0.8034542933694457,0.0,0.0,2.198426728328151e-06
BO-UCB,20,10,0.006386161253392821,0.011228601154878478,0.9664513249657591,1.1533331296833609,0.0,0.0,1.5099778899463345e-06
BO-UCB,20,11,0.005934717710505241,0.009933463752389923,0.9737441861836046,1.0526782861097375,0.0,0.0,1.6416439282407325e-06
BO-UCB,20,12,0.009140647593831298,0.014852194056288093,0.9413044344717658,1.6365649583232382,0.0,0.0,2.036356786749849e-06
BO-UCB,20,13,0.004786365477678817,0.009107397256185337,0.977929477115943,0.8868183011007188,0.0,0.0,2.95956230611516e-06
BO-UCB,20,14,0.010328990992766154,0.018709670688045344,0.9068556860415874,1.8959230874823936,0.0,0.0,1.1259353618342516e-06
BO-UCB,20,15,0.007275513651391426,0.011156002922738203,0.9668837387441973,1.2827112600683392,0.0,0.0,1.8222505081544327e-06
BO-UCB,20,16,0.0029340922156039484,0.004908658777141565,0.9935886461295085,0.5080923482945789,0.0,0.0,3.161728965417332e-06
BO-UCB,20,17,0.009612505409863843,0.016769441920493126,0.9251724922141161,1.7532832413383221,0.0,0.0,1.456263614696418e-06
BO-UCB,20,18,0.014776785197143328,0.026956710808802894,0.8066439076934988,2.752658313081245,0.0,0.0,1.13272724733271e-06
BO-UCB,20,19,0.006215852037857955,0.009511392405159445,0.9759279952605052,1.1096986567706302,0.0,0.0,3.081980131436346e-06
BO-UCB,25,0,0.007737022247468269,0.013224950765872987,0.9534615205842045,1.4047151542838172,0.0,0.0,1.5643301860546188e-06
BO-UCB,25,1,0.0041769347200380155,0.006384607995117402,0.9891534271824786,0.734805677624291,0.0,0.0,1.5621635981455384e-06
BO-UCB,25,2,0.00607773879358398,0.009165141715154519,0.9776487183823481,1.079013422686869,0.0,0.0,1.3119331725430783e-06
BO-UCB,25,3,0.008655369639819114,0.013415439806039485,0.9521112069818445,1.529042764487857,0.0,0.0,2.062029791805031e-06
BO-UCB,25,4,0.01048564223123751,0.019816809085595147,0.8955059619747749,1.9711554617079112,0.0,0.0,7.292986017315428e-07
BO-UCB,25,5,0.008712045647877094,0.01607760555281494,0.9312192669142549,1.6070873390602123,0.0,0.0,1.061126564394499e-06
BO-UCB,25,6,0.007455194631881018,0.01237977188038932,0.9592198005465161,1.3477724821151975,0.0,0.0,1.6502842703491893e-06
BO-UCB,25,7,0.006722300198475733,0.013009825204727234,0.9549632560501597,1.223539695888371,0.0,0.0,2.313750595783759e-06
BO-UCB,25,8,0.00875603045489213,0.01425633782414695,0.9459195847737469,1.5952990224073704,0.0,0.0,1.086234748925996e-06
BO-UCB,25,9,0.004139368878666466,0.006714130207707465,0.9880049080912818,0.7303120922525386,0.0,0.0,2.3909357600437886e-06
BO-UCB,25,10,0.006007474108650983,0.009150870828677144,0.977718269793354,1.0636539357921269,0.0,0.0,1.3451341381864879e-06
BO-UCB,25,11,0.0038807412900800364,0.006498968687272362,0.9887613809512803,0.6985858714516461,0.0,0.0,1.562368794449931e-06
BO-UCB,25,12,0.008344532377385395,0.015707761478138793,0.93434729005475,1.5668379968420878,0.0,0.0,8.848247158299571e-07
BO-UCB,25,13,0.007803393285367168,0.013383131416753681,0.9523415902891068,1.416976368494243,0.0,0.0,1.0579452448533644e-06
BO-UCB,25,14,0.0060952260166220115,0.009673349422045402,0.9751012346269885,1.0788573909972974,0.0,0.0,1.4568522536118067e-06
BO-UCB,25,15,0.00411048160367731,0.007475741025033315,0.9851292607839324,0.6842668063950499,0.0,0.0,4.100319476618708e-06
BO-UCB,25,16,0.005709361327214816,0.012680478045809181,0.9572146278063559,1.0772629777075227,0.0,0.0,9.320062543949348e-07
BO-UCB,25,17,0.0049199906830950865,0.007690681100647761,0.9842618504373218,0.8771876716446494,0.0,0.0,1.5328087624721931e-06
BO-UCB,25,18,0.0143416835984098,0.027359999126919592,0.8008151881447388,2.7310647645240396,0.0,0.0,6.957713014621447e-07
BO-UCB,25,19,0.004567363970776302,0.008361819372811692,0.9813951734621084,0.832638571232836,0.0,0.0,1.3510617894452182e-06
BO-UCB,30,0,0.0075261396504001064,0.01220894698093063,0.9603374642223548,1.3486744037025762,0.0,0.0,1.7915208894159207e-06
BO-UCB,30,1,0.003327218275303553,0.005957531652270951,0.9905559826078685,0.6022444005357857,0.0,0.0,1.938956082137011e-06
BO-UCB,30,2,0.008976875502691205,0.01576042264210858,0.9339063432519298,1.660736878250272,0.0,0.0,1.0535977698067356e-06
BO-UCB,30,3,0.0055799303942585055,0.008975498813734457,0.978564123360796,1.0032620628677706,0.0,0.0,1.9615278662454827e-06
BO-UCB,30,4,0.0073766650753154745,0.012842293470063595,0.9561156933004483,1.3446392520284685,0.0,0.0,1.5630370890917789e-06
BO-UCB,30,5,0.005884715443190539,0.010905662499512454,0.9683533190980439,1.0815564791048988,0.0,0.0,1.658880012245234e-06
BO-UCB,30,6,0.009110742898443573,0.014554653202976886,0.9436326282877278,1.6354729823347494,0.0,0.0,1.6679814199838106e-06
BO-UCB,30,7,0.007405058063131548,0.012282084585832834,0.9598608446491113,1.3321178887947946,0.0,0.0,1.8650001373243796e-06
BO-UCB,30,8,0.008413250895708926,0.01514499302678517,0.9389673514607554,1.5399809236906654,0.0,0.0,1.2838998104669486e-06
BO-UCB,30,9,0.004325418253566617,0.009015575020619244,0.9783722707307718,0.8087877003838326,0.0,0.0,1.556920931067296e-06
BO-UCB,30,10,0.004475955042232056,0.007551253409870298,0.9848273251482043,0.7937754484776932,0.0,0.0,1.931039627867115e-06
BO-UCB,30,11,0.008514742318254324,0.018057058308299352,0.9132402958860348,1.6146258141172258,0.0,0.0,1.3482419749522023e-06
BO-UCB,30,12,0.004489190317104506,0.007429974662879664,0.9853107802842945,0.8127883757684907,0.0,0.0,1.4246865789324659e-06
BO-UCB,30,13,0.009563923251200911,0.017977291280265095,0.9140051245577269,1.7752195087714036,0.0,0.0,1.2000704676662366e-06
BO-UCB,30,14,0.006041050617656658,0.01306556834299117,0.9545764917782874,1.1372934278588325,0.0,0.0,1.643308523813225e-06
BO-UCB,30,15,0.006245992488516754,0.012804335000772537,0.9563747310346181,1.1756259253531223,0.0,0.0,1.201904322178926e-06
BO-UCB,30,16,0.003377505361914992,0.007373747517527711,0.9855322636030615,0.6261615738176367,0.0,0.0,1.8884502966942662e-06
BO-UCB,30,17,0.009575244188245893,0.018013504130697813,0.9136583252538066,1.8008512188224006,0.0,0.0,8.815324900046662e-07
BO-UCB,30,18,0.006767468195630103,0.012577100250021078,0.9579094009735515,1.2402791414092962,0.0,0.0,1.7570740649119898e-06
BO-UCB,30,19,0.0029040786491119183,0.00524378912108794,0.9926833126458472,0.5291004602883063,0.0,0.0,2.0338529960195473e-06
ALM,6,0,0.004773366928501477,0.00831795658680615,0.9815898485983693,0.8387185270237426,0.02739999999999998,0.0,0.0035430991940426093
ALM,6,1,0.010795215392781981,0.013946812775092165,0.9482424151079101,1.7827785426139102,0.02529999999999999,4.0,0.013326596499642962
ALM,6,2,0.009957665648123358,0.0137688963358976,0.949554512686359,1.5637312145850075,0.037699999999999956,5.0,0.009635998855524686
ALM,6,3,0.0038151857035410436,0.005672637884779803,0.991437626200165,0.6402664222437525,0.02739999999999998,0.0,0.01146993868081636
ALM,6,4,0.008003016015733978,0.012266104659246872,0.959965224892163,1.3897869281259734,0.02739999999999998,0.0,0.018488949987408687
ALM,6,5,0.007392885951891082,0.009150781033244836,0.9777187070823984,1.2230823647616371,0.02739999999999998,1.0,0.0185095504803634
ALM,6,6,0.0057805371053002525,0.0077789728134665306,0.9838984172346926,0.9908615579188691,0.02739999999999998,1.0,0.009746691335234314
ALM,6,7,0.004493337863423477,0.006604460751416399,0.9883935664683029,0.7355782801738434,0.02739999999999998,0.0,0.01753847138500464
ALM,6,8,0.005149076085104499,0.007077700928246043,0.9866706652130239,0.8805227914982218,0.02739999999999998,1.0,0.00206571986671078
ALM,6,9,0.009384798246094216,0.013334211168412912,0.9526893713866131,1.6339631819944715,0.026800000000000046,1.0,0.009911744894407493
ALM,6,10,0.012495388129162954,0.016118740985915675,0.9308668581271566,2.12340306614639,0.02739999999999998,0.0,0.003992436784247211
ALM,6,11,0.009147794833276926,0.01247757153585142,0.9585729319045257,1.4466179390237477,0.02739999999999998,0.0,0.017771635543479825
ALM,6,12,0.004874073519024192,0.0064942682873229155,0.9887776318069655,0.7760897699472794,0.007600000000000051,1.0,0.011715196577906761
ALM,6,13,0.005614855501364782,0.007207183569051037,0.9861784983806411,0.9428294461677382,0.02739999999999998,0.0,0.003646782672670157
ALM,6,14,0.005171910245168314,0.0072110037696035524,0.9861638421973212,0.8461884436946772,0.007600000000000051,1.0,0.016307051300352482
ALM,6,15,0.008731181827495431,0.012423214263086972,0.9589330913199804,1.4965214810376597,0.02739999999999998,1.0,0.012310845380301583
ALM,6,16,0.012536740658011698,0.016713153560586464,0.9256739816305468,2.178725221848344,0.02739999999999998,0.0,0.010816119020987336
ALM,6,17,0.008109471661174004,0.009970588875164565,0.9735475635670248,1.3406493062061042,0.02739999999999998,1.0,0.011079665388533999
ALM,6,18,0.006200978950996502,0.0086582119621079,0.9800528667636126,1.0691515785706178,0.02739999999999998,1.0,0.0006218866864700079
ALM,6,19,0.007832587580843296,0.009565667089603309,0.9756524881559315,1.2681845993158622,0.0049000000000000155,2.0,0.003355244976423144
ALM,8,0,0.003209808999366349,0.004586690629253473,0.994402128079621,0.5156556228604183,0.007600000000000051,1.0,0.010747729738609935
ALM,8,1,0.004978320492780982,0.0071050723039430535,0.9865673696074213,0.7918178167221991,0.02739999999999998,1.0,0.018509482757082973
ALM,8,2,0.003171146728488886,0.0053933038513975596,0.9922601269317829,0.5079218829260028,0.02739999999999998,1.0,0.008919478737816955
ALM,8,3,0.0037930164793742263,0.005829531234289141,0.9909574414704142,0.6064733883950365,0.007600000000000051,1.0,0.01020770055399245
ALM,8,4,0.005935073401329907,0.00901218743530174,0.9783885208342242,0.9304510986854515,0.02739999999999998,1.0,0.018509307622404547
ALM,8,5,0.004147641107686268,0.0060248908075237985,0.9903412167106329,0.678459777843295,0.007600000000000051,1.0,0.016439001834481548
ALM,8,6,0.005071651848222787,0.006667821808887173,0.9881698014994732,0.8129316239025873,0.026800000000000046,1.0,0.012547310863861405
ALM,8,7,0.005036735092997575,0.006879751794715363,0.9874058285356349,0.8396080698909174,0.026800000000000046,1.0,0.0009917160634349553
ALM,8,8,0.003618177155792097,0.0055705149002025734,0.9917431434053036,0.5758611594325521,0.007600000000000051,1.0,0.016432510662521715
ALM,8,9,0.004837547480855495,0.007247876071708381,0.9860219825213988,0.8108870431173621,0.007600000000000051,1.0,0.013804888288704409
ALM,8,10,0.0036866411536484248,0.005479865329008817,0.9920096862553759,0.6025931065840977,0.007600000000000051,1.0,0.01694094706315541
ALM,8,11,0.0037015939077781144,0.00552234686187824,0.9918853195134782,0.6056238208090563,0.026800000000000046,1.0,0.01594082945836539
ALM,8,12,0.004783508271247992,0.007214265512285487,0.9861513223887921,0.7592212501986763,0.007600000000000051,1.0,0.010227408432901486
ALM,8,13,0.0032969193893146453,0.004759983682923983,0.9939711429103044,0.545313289438819,0.02739999999999998,1.0,0.00885209116300012
ALM,8,14,0.005245541219070613,0.006694635840019249,0.988074462077972,0.8807973276743316,0.0,0.0,0.016295047910436566
ALM,8,15,0.003479744131977741,0.0052385589023976565,0.9926979008718978,0.5593255334521978,0.007600000000000051,1.0,0.013373429212769405
ALM,8,16,0.0036096002000400454,0.005080597821163046,0.9931316297786518,0.5842894948374481,0.026800000000000046,1.0,0.014026570305718189
ALM,8,17,0.004262453579127125,0.006186696884540034,0.9898154524969051,0.6864058795416086,0.007600000000000051,1.0,0.017272246640333777
ALM,8,18,0.0032014072768185584,0.00453453253095426,0.9945287179313468,0.5230072250587912,0.02739999999999998,1.0,1.7813325560278592e-05
ALM,8,19,0.011762275814043543,0.016804844502622755,0.9248562165390243,2.059153702345531,0.026800000000000046,1.0,0.003725171336599331
ALM,10,0,0.002748963494493111,0.004373619104154769,0.9949101383565898,0.43703942479771923,0.007600000000000051,1.0,0.012787425321706403
ALM,10,1,0.0024771710564743107,0.0036374700404259125,0.9964793495229312,0.39619350593101016,0.007600000000000051,1.0,0.001888441881802816
ALM,10,2,0.0037149723856139843,0.005665308945552752,0.9914597367528146,0.5958782174423307,0.026800000000000046,1.0,0.01543459520129642
ALM,10,3,0.0033939394988804416,0.005647511037331378,0.9915133119651133,0.5367126154167048,0.007600000000000051,1.0,0.015609728276358426
ALM,10,4,0.0027030771444502538,0.0043187445116803,0.9950370592891988,0.4330794542308369,0.02739999999999998,1.0,0.0023141612119591537
ALM,10,5,0.004070758111258595,0.005910731829371865,0.9907037761474118,0.6826865146585049,0.007600000000000051,1.0,0.012277349302953655
ALM,10,6,0.0027406682518052797,0.004387066905990156,0.9948787900939057,0.4400434914246482,0.007600000000000051,1.0,0.015416543650403125
ALM,10,7,0.002805798617992023,0.004914941031711949,0.9935722247266977,0.44070676387533053,0.02739999999999998,1.0,0.008446192412842501
ALM,10,8,0.003503140402000932,0.005090004583638914,0.9931061725621309,0.5859945090390271,0.007600000000000051,1.0,0.012728606130313125
ALM,10,9,0.0038524013479307303,0.005496193779539717,0.9919619975565118,0.6416922291945053,0.007600000000000051,1.0,0.012254741714129658
ALM,10,10,0.002977610958303038,0.005158641754197998,0.992918996657724,0.46198008990444783,0.02739999999999998,1.0,0.009574410460462368
ALM,10,11,0.0032142523023956154,0.004076421764168968,0.9955783711562101,0.5338808735850326,0.0,0.0,0.004198740927079059
ALM,10,12,0.0025417761999791,0.004188076339818137,0.9953328340850964,0.39323413661478307,0.007600000000000051,1.0,0.012432009476199934
ALM,10,13,0.0029951251228616475,0.0045265620852576955,0.9945479350085078,0.47927682366483687,0.007600000000000051,1.0,0.014304396573431855
ALM,10,14,0.0029891287605663714,0.004219136885678421,0.9952633500217797,0.505925193755383,0.018299999999999983,0.0,0.00880046560913228
ALM,10,15,0.0034543248280343103,0.0053535638223024574,0.9923737676954516,0.5665356789344724,0.026800000000000046,1.0,0.013418375171427077
ALM,10,16,0.0025129240335257214,0.003452434924466507,0.9968284244305774,0.41015981469927804,0.018299999999999983,0.0,0.004685605190801745
ALM,10,17,0.00262923197026013,0.00444907510114613,0.9947329973737544,0.40926952503246755,0.007600000000000051,1.0,0.014086544824248537
ALM,10,18,0.0023371361173011277,0.004164476807439702,0.9953852842317277,0.3609752697343092,0.007600000000000051,1.0,0.014383321154392004
ALM,10,19,0.0032054605606103323,0.004660625388126756,0.9942202047392716,0.5108277957173297,0.007600000000000051,1.0,0.013085923240808817
ALM,12,0,0.002572420589190063,0.003988451535487171,0.9957671517428093,0.41501667185747704,0.007600000000000051,1.0,0.014901833995764946
ALM,12,1,0.0020604421661383227,0.003520232558698088,0.9967026369102813,0.32754426203401893,0.007600000000000051,1.0,0.012545703551993359
ALM,12,2,0.0033952549455018,0.004661435039914554,0.9942181964130699,0.5352232268249455,0.018299999999999983,0.0,0.0046857889495190985
ALM,12,3,0.003233998450615184,0.004237221162107623,0.9952226580662478,0.5357006324601701,0.018299999999999983,0.0,0.004686289558693213
ALM,12,4,0.0019559479712576663,0.0034008867469203542,0.9969224267335642,0.3060915264774278,0.02739999999999998,1.0,6.91944640536235e-05
ALM,12,5,0.0018392193695944737,0.003268768992158873,0.9971568974788578,0.2884157761321132,0.007600000000000051,1.0,0.012224839917897246
ALM,12,6,0.001940329952856346,0.0033170270847565795,0.9970723301734377,0.2994996973065372,0.02739999999999998,0.0,0.006802439255196746
ALM,12,7,0.002235252401998154,0.0034493709376190985,0.9968340513888823,0.3540843369701341,0.007600000000000051,1.0,0.008417669659009919
ALM,12,8,0.002005056370777575,0.0035986390901748726,0.9965541160465363,0.31275437890202507,0.007600000000000051,1.0,0.013395894431707078
ALM,12,9,0.002170721103680854,0.0035369187677442523,0.9966713032470336,0.3455145066663753,0.007600000000000051,1.0,0.013296420361729622
ALM,12,10,0.0024225202949501126,0.003907861233031791,0.9959364806826155,0.38613691984732335,0.007600000000000051,1.0,0.012826832526505072
ALM,12,11,0.001763292687800654,0.0030900425760157927,0.9974593023370419,0.2758811395911015,0.007600000000000051,1.0,0.012045238839733519
ALM,12,12,0.0016775531053802384,0.003258338713850215,0.997175012578921,0.260290011985661,0.007600000000000051,1.0,0.012516887538396415
ALM,12,13,0.002487906928179835,0.004321817802794925,0.9950299933520789,0.38469509710802785,0.007600000000000051,1.0,0.013137181003084475
ALM,12,14,0.0019616506249834054,0.0032915767464275934,0.9971170837078321,0.3063165712137272,0.02739999999999998,0.0,0.005862179531919809
ALM,12,15,0.0029604878136174698,0.004805653211993273,0.9938549005322664,0.4654741944381621,0.007600000000000051,1.0,0.01739632936738622
ALM,12,16,0.003974663373490076,0.0055516548461789165,0.9917989591229165,0.6642215855794785,0.018299999999999983,0.0,0.009128464750460585
ALM,12,17,0.0023636216173305987,0.0034955789103688238,0.9967486607838631,0.3793356637020673,0.026800000000000046,1.0,0.009465142667306692
ALM,12,18,0.0024297791788251816,0.003343260388322279,0.9970258390521355,0.3895500933334479,0.007600000000000051,1.0,0.00841960185033841
ALM,12,19,0.002278579871712552,0.003973382826963496,0.995799075443624,0.35378457759857623,0.007600000000000051,1.0,0.011132120080159402
ALM,14,0,0.0017289946019712382,0.0031051136158921754,0.9974344584503098,0.2713953407700419,0.02739999999999998,0.0,0.0005987663643022278
ALM,14,1,0.0020985642821068195,0.003338252147077855,0.9970347430303624,0.3250636091166284,0.02739999999999998,0.0,0.0005978398286561326
ALM,14,2,0.0017878523668050882,0.002719400792629062,0.9980322473725943,0.2873849489657953,0.018299999999999983,0.0,0.0046866446077994395
ALM,14,3,0.0017487004525842684,0.003113450913735803,0.9974206628843089,0.27504602447785287,0.0,0.0,0.012917730124054505
ALM,14,4,0.002394809387189784,0.004056493517610075,0.9956214971779568,0.3745417957904727,0.007600000000000051,1.0,0.012809250753888612
ALM,14,5,0.0028571540611105942,0.0041706470433456495,0.9953715994496033,0.458722185387662,0.0,0.0,2.1014590768642094e-06
ALM,14,6,0.001901985996011654,0.002932941425436548,0.9977110788049529,0.30075056733744876,0.007600000000000051,1.0,0.00841697548339393
ALM,14,7,0.0019406778940150805,0.003324253558443584,0.9970595598375648,0.30585267984652154,0.007600000000000051,1.0,0.012399194176253236
ALM,14,8,0.0016204114428135048,0.0028524515399829717,0.9978349864873478,0.25383687794734583,0.007600000000000051,1.0,0.008418082906117452
ALM,14,9,0.0018546052642547022,0.0030748854761713054,0.9974841661760636,0.2887189948927227,0.018299999999999983,0.0,0.004686636174330294
ALM,14,10,0.0015431789395756502,0.002399605274200535,0.9984678415630609,0.24497340930295852,0.018299999999999983,0.0,0.004686156931889562
ALM,14,11,0.0017685842094954077,0.0033227649041206227,0.9970621928008871,0.2768153038631302,0.007600000000000051,1.0,0.012671718156640588
ALM,14,12,0.0018158602743518532,0.003171636964266079,0.9973233535961737,0.2853633558848685,0.02739999999999998,0.0,0.0005984911897444212
ALM,14,13,0.001580841482016612,0.0030078188836689767,0.9975927154721588,0.24662630238818004,0.007600000000000051,1.0,0.012033434456613423
ALM,14,14,0.001814715615319277,0.003135484258044389,0.9973840266775224,0.2824459975776626,0.007600000000000051,1.0,0.012762803397051936
ALM,14,15,0.0017056258588171631,0.0026606944185532007,0.998116289934038,0.2700181844848687,0.007600000000000051,1.0,0.008417566827606082
ALM,14,16,0.0017761341878292291,0.0027447080674729745,0.9979954523743851,0.283353595054387,0.007600000000000051,1.0,0.008417736386003183
ALM,14,17,0.0017706667952354764,0.0033049049665223205,0.997093689487279,0.27563737125375437,0.007600000000000051,1.0,0.012803827174164506
ALM,14,18,0.0020720782194486994,0.0034116536221277566,0.9969029092946144,0.3270217073958459,0.007600000000000051,1.0,0.012683399283701657
ALM,14,19,0.0013805668572075532,0.0022439833119595777,0.9986601280138983,0.21881308089583665,0.018299999999999983,0.0,0.004686619858586871
ALM,16,0,0.0018127969798203266,0.0029523783279950646,0.997680640449653,0.283182504252732,0.018299999999999983,0.0,0.0046869606969525135
ALM,16,1,0.002017840644217212,0.003001301332534225,0.9976031367122361,0.315376718103658,0.007600000000000051,1.0,9.928885977472657e-05
ALM,16,2,0.0019121692216339827,0.0028885849893304804,0.9977797884299854,0.3100428656657343,0.02739999999999998,0.0,0.000600224999194654
ALM,16,3,0.0017474131327038303,0.0027019117053284714,0.998057476117691,0.2772508290448688,0.018299999999999983,0.0,0.0046865780090104
ALM,16,4,0.002167944380426921,0.0038122532030948376,0.9961328809925105,0.33349374618899236,0.007600000000000051,1.0,0.004335324322888967
ALM,16,5,0.0014451222965460803,0.0022535189293979518,0.9986487164735804,0.22843202045704347,0.018299999999999983,0.0,0.0046878533097846065
ALM,16,6,0.0017877552419895855,0.002949620138805875,0.9976849720382884,0.27848685609644286,0.007600000000000051,1.0,0.008417615735009765
ALM,16,7,0.0018680943042983472,0.002810570155350231,0.9978980957808233,0.29586028287588706,0.007600000000000051,1.0,0.0084173277825218
ALM,16,8,0.0014855401282753446,0.002426162605408898,0.9984337399502063,0.23548559738924296,0.018299999999999983,0.0,0.007456757704689343
ALM,16,9,0.0015182666672974075,0.0027601342596226828,0.9979728565764592,0.24059205156825597,0.007600000000000051,1.0,0.01154838671170566
ALM,16,10,0.0018990581994044518,0.003054956227827259,0.9975166722291243,0.3010389960187405,0.007600000000000051,1.0,0.001954280138200093
ALM,16,11,0.0014153925083954274,0.0023904545475649415,0.998479504839795,0.22205153920269927,0.007600000000000051,1.0,0.008417917711073253
ALM,16,12,0.001776966623420745,0.002690464133696128,0.9980739015793672,0.29058990891671105,0.018299999999999983,0.0,0.0046866498645232735
ALM,16,13,0.0012723342134424126,0.0021606112234637815,0.9987578406382912,0.20132469531055044,0.018299999999999983,0.0,0.004687407242992325
ALM,16,14,0.0015120031656186263,0.0022143007104569773,0.9986953402621815,0.24220605981104584,0.02739999999999998,0.0,0.0005971218430647074
ALM,16,15,0.0014079379387734682,0.00268134505183593,0.9980869361206879,0.21920580171505763,0.007600000000000051,1.0,0.010690504960294556
ALM,16,16,0.0017666078228652262,0.0029101480395256514,0.9977465173138921,0.2765321191739989,0.018299999999999983,0.0,0.010038167802172482
ALM,16,17,0.0014711008336219245,0.0028805908465111317,0.9977920602715599,0.22815347314472223,0.007600000000000051,1.0,0.012008168461168034
ALM,16,18,0.0011750819474593886,0.001818053546331989,0.9991204968450927,0.18560749561388246,0.018299999999999983,0.0,0.004688005026543429
ALM,16,19,0.0016891082588476835,0.00316539377322477,0.9973338808840583,0.26448451837752746,0.007600000000000051,1.0,0.012690669809409028
ALM,20,0,0.0012955613523527765,0.0021539421275369097,0.9987654970780387,0.20596850537050151,0.02739999999999998,0.0,0.0006010658765100985
ALM,20,1,0.0014999967330857021,0.0024242937527091182,0.9984361519748186,0.24010541399159202,0.018299999999999983,0.0,0.004687221169915046
ALM,20,2,0.0015669252876456294,0.0022592082936355113,0.9986418848035342,0.2519689286954116,0.02739999999999998,0.0,0.0006007501821664318
ALM,20,3,0.0013692418413098523,0.002242875261079048,0.9986614509112445,0.2153003325603264,0.02739999999999998,0.0,0.0005994797333478408
ALM,20,4,0.0011900515129695593,0.0020065756520578526,0.9989286407152134,0.18734723894135497,0.018299999999999983,0.0,0.004688419901240359
ALM,20,5,0.0013094666288552765,0.0022574596661449034,0.99864398635257,0.2067277696616311,0.02739999999999998,0.0,0.007600226102792207
ALM,20,6,0.0016865922486420783,0.002448484744871744,0.9984047863161382,0.2704131823999418,0.0,0.0,0.0013660926581114952
ALM,20,7,0.0014177054152526986,0.002251155095351162,0.9986515498509068,0.22612525859957655,0.018299999999999983,0.0,0.004688287995265772
ALM,20,8,0.0013255726563213455,0.0020817004990493996,0.9988469170407303,0.21347918466930754,0.02739999999999998,0.0,0.0006004479453360911
ALM,20,9,0.001302431247867507,0.0022220984663292756,0.9986861352511819,0.20529479571248896,0.018299999999999983,0.0,0.004688414804599694
ALM,20,10,0.0015665169596680859,0.0023926865307543057,0.9984766641214807,0.24617781790605336,0.02739999999999998,0.0,0.0006003135873446919
ALM,20,11,0.001370910094699849,0.0022190359924598112,0.9986897542661147,0.21873843484719996,0.018299999999999983,0.0,0.00468812715456457
ALM,20,12,0.001386631847722063,0.0022268225687960626,0.9986805428532327,0.22395431429255894,0.018299999999999983,0.0,0.004688649100367259
ALM,20,13,0.0015883500641624877,0.0028071034952553402,0.9979032777142429,0.24819348923673995,0.018299999999999983,0.0,0.011564812676179592
ALM,20,14,0.0015321556021159815,0.002866653072644007,0.9978133748675339,0.23797767408131593,0.007600000000000051,1.0,0.012012111421385474
ALM,20,15,0.001224931928402554,0.002031713217385959,0.9989016294668889,0.1934113230892475,0.018299999999999983,0.0,0.004688357664051956
ALM,20,16,0.0012980434710839113,0.0020049066086053648,0.9989304222593279,0.20767432761368715,0.02739999999999998,0.0,0.0006007288133788036
ALM,20,17,0.0015670463335585182,0.0024455606632531666,0.99840859418117,0.2455349967515655,0.007600000000000051,1.0,0.00035083000784674745
ALM,20,18,0.0014747640282561116,0.002404375864824363,0.9984617434214507,0.23327623368079517,0.007600000000000051,1.0,0.0003118969097954949
ALM,20,19,0.001339197388242487,0.0021993048813040857,0.9987129514263858,0.21195409483712319,0.018299999999999983,0.0,0.004687574205660461
ALM,25,0,0.0013180401350156117,0.0021813533115405117,0.9987338764453655,0.20644834524233155,0.02739999999999998,0.0,0.0006017593393137233
ALM,25,1,0.00152472771984182,0.0023057097378963182,0.9985854010581545,0.2428545348941326,0.02739999999999998,0.0,0.0006011493237065846
ALM,25,2,0.0011915009908476173,0.0019457225057878647,0.9989926373000576,0.1890664504326795,0.02739999999999998,0.0,0.0005995776410753217
ALM,25,3,0.0010590672253319698,0.0017340636707732463,0.9991998818156198,0.17073320043918006,0.02739999999999998,0.0,0.0006026913756737029
ALM,25,4,0.0013114961461302877,0.002169895246693609,0.9987471427275104,0.20600415589417473,0.018299999999999983,0.0,0.004688858074329838
ALM,25,5,0.0009974496388981016,0.0015714795816870856,0.9993428847495124,0.1569208548736687,0.02739999999999998,0.0,0.0006028103965982634
ALM,25,6,0.0011960036441075817,0.0018656445605717486,0.9990738488424893,0.1898934606142578,0.02739999999999998,0.0,0.0006026273070967036
ALM,25,7,0.0010911616126364333,0.0018168074846885806,0.9991217020236624,0.17455177844870043,0.02739999999999998,0.0,0.000602630605410992
ALM,25,8,0.0010013504043341174,0.0017312638585160979,0.9992024634650069,0.15804660008782673,0.02739999999999998,0.0,0.0006011290336482844
ALM,25,9,0.0011731090787147408,0.0017901870564678653,0.99914725165181,0.18767818460364147,0.02739999999999998,0.0,0.0006022384552759608
ALM,25,10,0.0013879667781883822,0.002104256208021404,0.9988217938221923,0.22090993729864733,0.02739999999999998,0.0,0.0006010736709863851
ALM,25,11,0.0013346045259704624,0.0020352900079156303,0.9988977587439596,0.21292767700508805,0.02739999999999998,0.0,0.0006016825830096328
ALM,25,12,0.0010473608777505044,0.0017755455524531747,0.9991611434519002,0.16758047241443325,0.018299999999999983,0.0,0.004689217398867296
ALM,25,13,0.0010378543777049994,0.0018365973686706844,0.9991024637937366,0.16602033614944184,0.018299999999999983,0.0,0.004691241389720879
ALM,25,14,0.0011725496345388168,0.0019029428414350483,0.9990364471316477,0.18606602862072405,0.02739999999999998,0.0,0.0006013371087981723
ALM,25,15,0.0011662325362495262,0.0020436643050242365,0.9988886696358881,0.18511352413733012,0.02739999999999998,0.0,0.000599272214463098
ALM,25,16,0.0010721818774946672,0.0017106875060655898,0.9992213085101019,0.16946237934624547,0.02739999999999998,0.0,0.0006018738078006347
ALM,25,17,0.0012438964829578725,0.0019801793104803245,0.9989566426051657,0.20135526062087578,0.02739999999999998,0.0,0.000601277546970147
ALM,25,18,0.0011338715519041806,0.0019968401742899017,0.9989390115098022,0.17736333339981894,0.018299999999999983,0.0,0.004690175960018861
ALM,25,19,0.0011952953942540251,0.0019794032769183648,0.9989574602298061,0.1890963390060926,0.02739999999999998,0.0,0.0005968326959917558
ALM,30,0,0.0010472117759795115,0.0018315607798780945,0.9991073797567606,0.16493476143612804,0.018299999999999983,0.0,0.004691552600069815
ALM,30,1,0.001007487476265795,0.0016441902272342095,0.9992806699780702,0.16376886575766422,0.02739999999999998,0.0,0.0006033574830937027
ALM,30,2,0.001021600507785979,0.001815344660432345,0.999123115798496,0.16443256681000254,0.02739999999999998,0.0,0.0006019997249396836
ALM,30,3,0.0010599596143899385,0.0019029365921119877,0.9990364534603121,0.16711890024638312,0.018299999999999983,0.0,0.00015755200720579676
ALM,30,4,0.0009359458727524457,0.0016480606743898608,0.9992772793658034,0.14965640663990473,0.02739999999999998,0.0,0.000602216671582223
ALM,30,5,0.0009225804945172443,0.0015560904681319945,0.9993556916699424,0.14551197146541645,0.02739999999999998,0.0,0.0006034648596722203
ALM,30,6,0.0009327896632335917,0.0018025559770188057,0.9991354271727307,0.14617997292200907,0.018299999999999983,0.0,0.004690250605251189
ALM,30,7,0.0011638802992589663,0.002076883266720179,0.9988522475304179,0.1835952690317495,0.0,0.0,0.004398141438429981
ALM,30,8,0.000971982201213088,0.0016329754178060674,0.9992904494263202,0.15505440441391813,0.02739999999999998,0.0,0.0006030369723142304
ALM,30,9,0.0008836884757965716,0.0017501046153331303,0.9991850103722194,0.13878016151111428,0.018299999999999983,0.0,0.0010532139111224526
ALM,30,10,0.0011040198622654204,0.0021101702164614215,0.9988151618228014,0.17234543323052087,0.02739999999999998,0.0,0.007256555270425569
ALM,30,11,0.0012077675789249674,0.002227301025667131,0.9986799757930925,0.191112666782723,0.02739999999999998,0.0,0.008011033778299703
ALM,30,12,0.0009193042750132842,0.0015425667764787702,0.9993668421319223,0.14591137538754317,0.02739999999999998,0.0,0.0006027962179175894
ALM,30,13,0.0009309437769997312,0.0016771603149711425,0.999251532035797,0.14699071274754577,0.02739999999999998,0.0,0.000601854281891745
ALM,30,14,0.0009677071589622235,0.0017078448601713626,0.9992238942600276,0.1531224568970209,0.02739999999999998,0.0,0.0006024106186358624
ALM,30,15,0.0008940036639572754,0.001494325512529888,0.9994058248510006,0.1410068636305356,0.02739999999999998,0.0,0.0006027621724083998
ALM,30,16,0.0010969831987165815,0.0019403051750978037,0.9989982389413938,0.17266823508549628,0.02739999999999998,0.0,0.0006032299072016301
ALM,30,17,0.0011512415420185098,0.002134630195621655,0.9987875345879933,0.18008986046267025,0.02739999999999998,0.0,0.007176329638743373
ALM,30,18,0.0009904610941653665,0.0018580537240172825,0.9990813700606561,0.15663801364400337,0.018299999999999983,0.0,0.0046925871169496425
ALM,30,19,0.0010284946932514634,0.0017744580716124111,0.9991621706979316,0.16198265394038858,0.02739999999999998,0.0,0.0006031338389786978
ALC,6,0,0.010087136163842844,0.01710144396207035,0.9221802870281517,1.8597123237572823,0.02739999999999998,1.0,0.0012486455391543805
ALC,6,1,0.006996701769657474,0.009338852365525143,0.9767934232734464,1.2079261602325964,0.02739999999999998,0.0,0.0005971536755945417
ALC,6,2,0.006863104644152737,0.009222601214743614,0.9773675837658098,1.1927180057355653,0.02739999999999998,0.0,0.0007348996744918068
ALC,6,3,0.009119210673819877,0.015785478219431024,0.9336960276895978,1.631970369900217,0.007600000000000051,1.0,0.006415270746591206
ALC,6,4,0.007315075933308805,0.010335846584414025,0.9715739726054227,1.149817445498516,0.02739999999999998,1.0,0.01035653780025736
ALC,6,5,0.006719570709014547,0.01028017881364054,0.9718793471499214,1.1550543500903208,0.02739999999999998,0.0,0.01078272431577687
ALC,6,6,0.005790704460882113,0.008654910406086411,0.9800680763754576,1.0165727164727845,0.02739999999999998,1.0,0.013353551999659485
ALC,6,7,0.04802436703093424,0.07037358986028626,-0.3177817009850288,8.834453081980897,0.02739999999999998,1.0,0.004659821033643929
ALC,6,8,0.006777021031253342,0.011184807199870644,0.9667125087036479,1.2088332343006685,0.007600000000000051,1.0,0.011274961996857291
ALC,6,9,0.0065222001405477745,0.009944756195116276,0.9736844566051676,1.1445895734790015,0.02739999999999998,1.0,0.011519913624878253
ALC,6,10,0.004253756573717026,0.005844136752528946,0.9909120736024778,0.6866288173886428,0.02739999999999998,1.0,0.0014083357829011156
ALC,6,11,0.012985369337397955,0.020429650237061253,0.8889430034358707,2.3732448188408126,0.02739999999999998,0.0,0.008880750858711206
ALC,6,12,0.05732751959555735,0.07677383099558321,-0.5683770766173974,10.34432070769448,0.02739999999999998,1.0,0.018509553902567144
ALC,6,13,0.007365090334880352,0.010082573393993013,0.9729500264082311,1.2728234980779594,0.02739999999999998,1.0,0.008217223753143932
ALC,6,14,0.00767392048905274,0.011497737002993183,0.9648238096873076,1.3218883744389223,0.02739999999999998,1.0,0.011093050420549422
ALC,6,15,0.008713353156182315,0.012268981128508613,0.9599464459389606,1.5028295956187832,0.02739999999999998,0.0,0.012725364389563287
ALC,6,16,0.003148594385185528,0.004425164607297389,0.9947894577493731,0.5263667948641522,0.02739999999999998,1.0,0.0028292634799264027
ALC,6,17,0.011262839299128429,0.018713766083219646,0.9068149045088909,2.051694603288946,0.007600000000000051,1.0,0.008416176293565392
ALC,6,18,0.0050207853070588036,0.006639282063449763,0.9882708564754877,0.8269540068873159,0.007600000000000051,1.0,0.01623730686195113
ALC,6,19,0.003379700696858379,0.004798349430538939,0.9938735653649816,0.5636908872574651,0.02739999999999998,1.0,0.008333659825148443
ALC,8,0,0.002868507526901173,0.0044509851128815055,0.9947284740982371,0.4638246622944995,0.02739999999999998,1.0,0.003003280170435718
ALC,8,1,0.003776791427212391,0.006554413465023973,0.9885688024684319,0.605822356718361,0.02739999999999998,1.0,0.013374885142927617
ALC,8,2,0.004653985991962579,0.006562149029672191,0.9885418041873717,0.7790863194278723,0.02739999999999998,1.0,0.00642144174940118
ALC,8,3,0.004100134180370804,0.005908888682330575,0.9907095729375498,0.6629050556780162,0.02739999999999998,1.0,0.008620763001967235
ALC,8,4,0.0025838049910009886,0.0040022210679733815,0.9957378747414197,0.4293850798616183,0.02739999999999998,0.0,0.0005971959258886939
ALC,8,5,0.002761097017802468,0.004275817149984896,0.9951352300125021,0.453540875629377,0.02739999999999998,1.0,0.002183264171896959
ALC,8,6,0.003931158951446936,0.005810168769893221,0.99101741042537,0.6674357799038391,0.02739999999999998,1.0,0.004548115459791169
ALC,8,7,0.0045024836350325255,0.006489309579860571,0.9887947629734716,0.7299663889098339,0.007600000000000051,1.0,0.01716117317991539
ALC,8,8,0.0033831742786277308,0.004971034409683523,0.9934246693011842,0.5467965701519231,0.02739999999999998,1.0,0.0009472396478242828
ALC,8,9,0.008741448426570339,0.015104938412806811,0.939289755895257,1.613184961471626,0.026800000000000046,1.0,0.01341776624694635
ALC,8,10,0.0056904325505371355,0.009300427618105369,0.9769839975214527,0.9020797537757776,0.02739999999999998,1.0,0.02785229333162942
ALC,8,11,0.003807142911557447,0.0053927551720564584,0.992261701659466,0.6455155444008703,0.02739999999999998,1.0,0.0031826582339827825
ALC,8,12,0.004874090528370231,0.008217848079375738,0.98203032270265,0.7604846386013003,0.02739999999999998,1.0,0.02333263755778392
ALC,8,13,0.0025899798824588196,0.0040501454423078065,0.995635190441373,0.4107192923116263,0.02739999999999998,0.0,0.006943838770257282
ALC,8,14,0.005405474928141512,0.008193714748464656,0.9821357107284119,0.871971013942144,0.02739999999999998,1.0,0.010094292619308276
ALC,8,15,0.0043786078833766735,0.006701797933857582,0.9880489319336607,0.7075815878239845,0.02739999999999998,1.0,0.014102258827801695
ALC,8,16,0.0038503670062882234,0.005081575033512699,0.9931289873724135,0.6433350795569535,0.02739999999999998,0.0,0.0059782828803673915
ALC,8,17,0.004252955730886936,0.006846655248686493,0.9875267110841998,0.6775434254378384,0.02739999999999998,1.0,0.016163098060478998
ALC,8,18,0.004005719441990206,0.006148583787038071,0.9899405496259798,0.7000530372276286,0.02739999999999998,1.0,0.008836682402583396
ALC,8,19,0.0032086148193308677,0.004635624494634154,0.9942820472880554,0.5249087980527185,0.02739999999999998,1.0,0.0063505449169531936
ALC,10,0,0.0021053344496885485,0.0034990056269258367,0.9967422830826713,0.3274753045037069,0.02739999999999998,0.0,0.0005974815139845324
ALC,10,1,0.00347132738198972,0.005220987723362251,0.9927468041335108,0.5695560459343629,0.02739999999999998,1.0,0.0014186544312174698
ALC,10,2,0.0030784944143742543,0.005279557990353969,0.9925831552166986,0.49249367432818636,0.02739999999999998,1.0,0.012024114329073465
ALC,10,3,0.0025471457231145186,0.003918996165396028,0.995913290772463,0.42434611089947305,0.02739999999999998,0.0,0.0070576893260502205
ALC,10,4,0.0033535744989251345,0.005083001332338849,0.9931251297131125,0.5533119717919843,0.02739999999999998,1.0,0.011219429203002229
ALC,10,5,0.0018336941446900053,0.0029628707138205173,0.9976641257246154,0.29376828235746216,0.02739999999999998,0.0,0.006820765026281594
ALC,10,6,0.0033214149072600596,0.004924319024921645,0.9935476721874102,0.5390182656185165,0.02739999999999998,1.0,0.006920673793905818
ALC,10,7,0.0028477978169010637,0.004459304522390421,0.9947087494900572,0.4537989573441951,0.02739999999999998,1.0,0.00400727771606868
ALC,10,8,0.0030426131682453625,0.004886917007037775,0.9936453155706154,0.4825131063684133,0.007600000000000051,1.0,0.005731896258571956
ALC,10,9,0.002581355081042449,0.003512707921419155,0.9967167183342046,0.4204757499510641,0.007600000000000051,1.0,0.0023532425702170734
ALC,10,10,0.0031811817971407344,0.00522243180196044,0.9927427912401628,0.49895504611932257,0.02739999999999998,0.0,0.008639043663841939
ALC,10,11,0.003430123428890812,0.006282080684298639,0.9894989897756966,0.5440696345435975,0.02739999999999998,1.0,0.011513158011188351
ALC,10,12,0.002949209495183803,0.004756731929481975,0.9939793772496638,0.47053643089004593,0.02739999999999998,1.0,0.005041784211896161
ALC,10,13,0.0028288705725483263,0.005112321739855744,0.9930455879788246,0.4518679452728724,0.02739999999999998,1.0,0.008616626915442405
ALC,10,14,0.003786800094602878,0.005299317385543629,0.9925275344194531,0.6342086164019,0.02739999999999998,1.0,0.0030626266971389704
ALC,10,15,0.002708067394038709,0.004358962560765702,0.9949441947202853,0.4403680391142524,0.02739999999999998,0.0,0.000597462336554111
ALC,10,16,0.002639267709586903,0.004317892881340942,0.9950390164200924,0.42275471725527863,0.007600000000000051,1.0,0.013729297907633997
ALC,10,17,0.0031676826911932196,0.00476088927772787,0.9939688486919305,0.5270895438231156,0.02739999999999998,1.0,0.010592356772936906
ALC,10,18,0.0017465123445223553,0.002947244727214261,0.9976886992503966,0.2753911316716053,0.02739999999999998,0.0,0.0037098155949468747
ALC,10,19,0.0020619620120900465,0.0032120689666180003,0.9972546748775063,0.33164716749180784,0.02739999999999998,0.0,0.006037112058236316
ALC,12,0,0.0026035092825348366,0.004910650161037816,0.993583443055824,0.4032058196077277,0.02739999999999998,1.0,0.008470549192910903
ALC,12,1,0.0018463653416472994,0.0029190782621599486,0.9977326657993177,0.2954353881064916,0.02739999999999998,0.0,0.006172783291602979
ALC,12,2,0.0020310206610129463,0.003483040078978086,0.9967719444097025,0.3213021335012243,0.02739999999999998,1.0,0.002347036116650436
ALC,12,3,0.0029859198603797293,0.005086397910674364,0.9931159387506091,0.46953547408300783,0.02739999999999998,1.0,0.008660507803573525
ALC,12,4,0.002217401853544923,0.0032589697266342237,0.9971739182937996,0.3484632082798453,0.026800000000000046,1.0,0.008721699239023328
ALC,12,5,0.001697144238645692,0.0027098239365799283,0.9980460825534111,0.2700181019258419,0.02739999999999998,0.0,0.006671162447295043
ALC,12,6,0.0018342761727743794,0.003158124647379534,0.9973461119705399,0.28476500892866297,0.007600000000000051,1.0,0.010630463244469479
ALC,12,7,0.0017952050091797043,0.0027003088911568907,0.9980597801021717,0.2930139520305343,0.02739999999999998,0.0,0.005306108940131726
ALC,12,8,0.0019191223012173257,0.0026725869494317036,0.9980994130274957,0.30419461924954283,0.0,0.0,0.004620495050353668
ALC,12,9,0.0027994482795703707,0.004838551457402195,0.9937704770589568,0.4578317235906168,0.02739999999999998,1.0,0.006084843962166575
ALC,12,10,0.0024192048471674355,0.0038554198349109933,0.9960448094079735,0.3836382830538768,0.018299999999999983,1.0,0.011674626932541399
ALC,12,11,0.0017778365751876153,0.0029704524662151556,0.9976521557931765,0.282020765744453,0.007600000000000051,1.0,0.010615118950319191
ALC,12,12,0.0024424555317624132,0.0038914907683630217,0.9959704544406712,0.3879525006237873,0.02739999999999998,0.0,0.005400299224558536
ALC,12,13,0.0032177950348445724,0.0045513601568545935,0.9944880347868682,0.5322562556843001,0.026800000000000046,1.0,0.011441844794913392
ALC,12,14,0.0016432526507560118,0.0025232902776840573,0.9983058241369326,0.26118856705489835,0.02739999999999998,0.0,0.004789817962533305
ALC,12,15,0.0019499099624014891,0.003204255956813653,0.9972680140466398,0.30746129045495746,0.02739999999999998,0.0,0.004023255567557671
ALC,12,16,0.0020706284230581967,0.0031944283514569187,0.9972847466090541,0.33455551734891237,0.02739999999999998,0.0,0.0024650951862094095
ALC,12,17,0.0021071415779131486,0.003312563357361432,0.9970802044094014,0.3321187633046175,0.02739999999999998,0.0,0.0070913414887940895
ALC,12,18,0.0026242194029806815,0.004983052191712594,0.9933928383366307,0.41452686925834253,0.02739999999999998,1.0,0.010510663627706363
ALC,12,19,0.001519963935832363,0.002481215513123712,0.9983618523732714,0.24016597406224566,0.02739999999999998,0.0,0.00708262888662714
ALC,14,0,0.00211851791312631,0.0036182488830868477,0.9965164589325829,0.3447683028034122,0.02739999999999998,1.0,0.001276131506028011
ALC,14,1,0.00224714369787327,0.003445945424711128,0.9968403363683965,0.36967838397097247,0.007600000000000051,1.0,0.00841715920845143
ALC,14,2,0.0024136054711749316,0.003972513607373125,0.9958009132360925,0.39495155533709686,0.02739999999999998,0.0,0.005809989014485928
ALC,14,3,0.003331421979447393,0.0051442359367691835,0.9929584896928979,0.548958115121274,0.007600000000000051,1.0,8.932451706855637e-05
ALC,14,4,0.001602501045100435,0.0027546066947028687,0.9979809677376167,0.2525745065667128,0.007600000000000051,1.0,0.008621984337643163
ALC,14,5,0.0017126381770791,0.002658686064849729,0.9981191325966556,0.2710583042872248,0.02739999999999998,0.0,0.006677571717237041
ALC,14,6,0.0020386796717541808,0.004455138572263675,0.994718631205526,0.3155611908250286,0.02739999999999998,1.0,0.010016516173775303
ALC,14,7,0.00195707284308796,0.0031667221901301467,0.9973316426406463,0.31038393765777955,0.02739999999999998,0.0,0.007635115052901598
ALC,14,8,0.0015846948209369272,0.0025172882665006583,0.9983138742364289,0.2511952876871727,0.007600000000000051,1.0,0.008417262794181535
ALC,14,9,0.0033608253734896923,0.005320648180369335,0.9924672570614925,0.5298622993619263,0.007600000000000051,1.0,0.008106587005150878
ALC,14,10,0.0019550055182899514,0.003130215084468339,0.9973928115632811,0.3141842871461001,0.02739999999999998,0.0,0.0005989070381348105
ALC,14,11,0.002125767429633601,0.003322487907855813,0.9970626825904001,0.3363543092690819,0.02739999999999998,0.0,0.0005970006396144312
ALC,14,12,0.0016238723078170157,0.0026796256418752363,0.9980893888348165,0.25851558506949524,0.02739999999999998,0.0,0.006756585725894548
ALC,14,13,0.0016201230388555364,0.002792542689875185,0.9979249732333222,0.25407998557410744,0.02739999999999998,0.0,0.005090658437639006
ALC,14,14,0.0020039544134436535,0.002832344023633797,0.9978654021542299,0.32137312629221515,0.018299999999999983,0.0,0.004685564286495136
ALC,14,15,0.0019405784388597362,0.003516311746403594,0.9967099779832214,0.305823344766734,0.007600000000000051,1.0,0.014337710570457074
ALC,14,16,0.0024176303989658344,0.004530728420294307,0.9945378940181538,0.3811140931015984,0.02739999999999998,1.0,0.00693261014194968
ALC,14,17,0.002311277523112085,0.004571901235637671,0.9944381696026572,0.3631767204844191,0.02739999999999998,1.0,0.01014309600182639
ALC,14,18,0.0017251260221153402,0.0030635004246761187,0.9975027619067696,0.2700730461029829,0.018299999999999983,0.0,0.011302171565176877
ALC,14,19,0.0019973846235145165,0.003431437302403411,0.9968668859977852,0.31203953805415124,0.018299999999999983,0.0,0.012012541212674588
ALC,16,0,0.002481990409260746,0.004361233863350298,0.9949389245417959,0.38922530483037254,0.02739999999999998,0.0,0.012910542908195377
ALC,16,1,0.0017224663413418287,0.0027182201408625143,0.9980339556358975,0.27948916619785946,0.0,0.0,1.944200932690876e-06
ALC,16,2,0.001649459893158226,0.0025399806209773015,0.9982833377077854,0.2592863807440176,0.02739999999999998,0.0,0.006325373527456546
ALC,16,3,0.0016007623389557803,0.0026902325309156186,0.9980742331731199,0.2524242758371856,0.02739999999999998,0.0,0.009050200096920813
ALC,16,4,0.0015306421826670215,0.002350472336061809,0.9985299424070412,0.24228648502394118,0.02739999999999998,0.0,0.0005982111772051546
ALC,16,5,0.0019359460927280067,0.0029001116037492393,0.9977620340048824,0.3114933610554075,0.018299999999999983,0.0,0.007692119320161672
ALC,16,6,0.0017067392030269389,0.0030660770351288043,0.9974985594489483,0.2695496482361356,0.02739999999999998,0.0,0.008927457754678514
ALC,16,7,0.0014681589351092695,0.002521045871877289,0.9983088366536444,0.2334815906614381,0.007600000000000051,1.0,0.00841746857915815
ALC,16,8,0.0016989950652399133,0.002721398180763134,0.9980293556994156,0.2682827598098634,0.02739999999999998,0.0,0.0005989554321134127
ALC,16,9,0.0021578352197340472,0.004520022645815127,0.9945636766217865,0.33337772733458665,0.02739999999999998,1.0,0.010443561244510069
ALC,16,10,0.002076555730043103,0.00322773323718035,0.9972278333785253,0.33032009506317117,0.02739999999999998,0.0,0.006887147990479736
ALC,16,11,0.0014639880936452808,0.00218155114653506,0.9987336467761011,0.2365012876165928,0.02739999999999998,0.0,0.0005973715807056079
ALC,16,12,0.001528734248799918,0.00274181172316065,0.9979996807270288,0.23882378625368442,0.02739999999999998,0.0,0.0088649128563425
ALC,16,13,0.0026672126491962176,0.004840383232443578,0.9937657594302436,0.41526130974336545,0.02739999999999998,0.0,0.015137110826680678
ALC,16,14,0.0019883662048500498,0.0030423770867305014,0.9975370809124303,0.32291669799207334,0.02739999999999998,0.0,0.0062373328416159834
ALC,16,15,0.0017248084491326846,0.0030099514002467362,0.9975893007758685,0.27260920296562996,0.02739999999999998,1.0,0.0004910060502885116
ALC,16,16,0.0018097658249558316,0.0033174473228507577,0.9970715883065236,0.2810704712883034,0.007600000000000051,1.0,0.012564267257614281
ALC,16,17,0.002136846085301196,0.0032180026852344024,0.9972445225218972,0.33980225375073464,0.02739999999999998,0.0,0.0005981662438135915
ALC,16,18,0.0019337803144754888,0.003005908682218141,0.9975957721310889,0.303092764855573,0.02739999999999998,0.0,0.0020494913898636558
ALC,16,19,0.0019409834936467642,0.0032152505624473823,0.9972492336239867,0.30581843126644903,0.007600000000000051,1.0,0.008417414974126847
ALC,20,0,0.0015707862037138698,0.002804075157342677,0.9979077992137861,0.24575084048136156,0.02739999999999998,0.0,0.007180128139553821
ALC,20,1,0.0013116520386070184,0.002235987030624615,0.9986696600848408,0.2082439403239334,0.018299999999999983,0.0,0.004687246550059476
ALC,20,2,0.001542884100238541,0.0024735353788177075,0.9983719778318335,0.24500265593508877,0.0,0.0,6.746939828494725e-06
ALC,20,3,0.0014698688052234843,0.002256038016911104,0.9986456937308036,0.23009261464873249,0.02739999999999998,0.0,0.0007322479785314417
ALC,20,4,0.0017131212739103453,0.002985610020946218,0.9976281336112396,0.2743025934998657,0.02739999999999998,0.0,0.0005987725870717497
ALC,20,5,0.0016077402093933888,0.002464445454199298,0.9983839213903837,0.2584247523069943,0.02739999999999998,0.0,0.0005980948885375703
ALC,20,6,0.0012178915563431255,0.002057406101849851,0.9988736740026551,0.19409939219905176,0.018299999999999983,0.0,0.004688141747491326
ALC,20,7,0.001917832873469888,0.0031654485591849826,0.9973337885940178,0.29961043836335777,0.02739999999999998,0.0,0.005015828602859762
ALC,20,8,0.0013530195692304336,0.0021529093812071632,0.9987666806035399,0.21636600369435657,0.02739999999999998,0.0,0.0043211543326409085
ALC,20,9,0.001387853417026057,0.0020960109506054253,0.9988310090313067,0.22178182716015415,0.0,0.0,6.684180724247923e-06
ALC,20,10,0.0015518518068839747,0.002229040353084211,0.9986779133410596,0.25064083588074326,0.018299999999999983,0.0,0.0046892195841204964
ALC,20,11,0.001360214022372768,0.002090203783934537,0.99883747762472,0.22011906765473985,0.0,0.0,3.252235843076434e-06
ALC,20,12,0.001260277236155387,0.0019728928521363033,0.9989643069544804,0.2039217976997987,0.0,0.0,7.865874152024332e-06
ALC,20,13,0.0011704306231061585,0.0018462327785662785,0.9990930215339421,0.18860875863734747,0.018299999999999983,0.0,0.004688927811072219
ALC,20,14,0.0015078302657546808,0.0021869435234980234,0.9987273786732191,0.23976006706336184,0.0,0.0,3.7487831503479896e-06
ALC,20,15,0.0013868352266225054,0.0023161431228302435,0.9985725699133129,0.2240362578896451,0.02739999999999998,0.0,0.0005998945594479776
ALC,20,16,0.0015685898906840435,0.0024920006567931323,0.9983475802912429,0.24780375263214016,0.0,0.0,5.782644134311177e-06
ALC,20,17,0.0016596354076353125,0.0027099825808244125,0.9980458537659784,0.26170553431897764,0.0,0.0,3.280219542212137e-06
ALC,20,18,0.001660637376697971,0.002980342280087342,0.9976364959593064,0.25735485746499615,0.007600000000000051,1.0,0.003067562189999151
ALC,20,19,0.0015144943617329141,0.0023283238208804493,0.99855751659951,0.2416003025047154,0.0,0.0,3.0695674650971227e-06
ALC,25,0,0.0013093022295182376,0.0021004547674909257,0.9988260469497756,0.20903016227096552,0.02739999999999998,0.0,0.0025915575490349507
ALC,25,1,0.001180920219160418,0.001996264449242921,0.998939623225851,0.18729727150207337,0.018299999999999983,0.0,0.004693574448744076
ALC,25,2,0.0011904521263600898,0.0019609698443873343,0.9989767873711602,0.186271528395079,0.0,0.0,5.049133791734661e-06
ALC,25,3,0.0016569229711089985,0.002614390274243789,0.9981812839482493,0.26225089047956457,0.007600000000000051,1.0,0.0014140161901669002
ALC,25,4,0.0012653009952862215,0.002272101434748961,0.9986263392372872,0.198452225687037,0.02739999999999998,0.0,0.0005990381119966859
ALC,25,5,0.001492158119846299,0.0025194546918270513,0.998310970764889,0.23729691898495298,0.02739999999999998,0.0,0.0005986747552733096
ALC,25,6,0.0011916587942946808,0.002015255123549455,0.9989193523103872,0.18881855475734494,0.02739999999999998,0.0,0.0005992904529926735
ALC,25,7,0.001416544478985411,0.0024660655689073426,0.9983817958871982,0.2241538432361428,0.018299999999999983,0.0,0.005600667181849706
ALC,25,8,0.001296281719342895,0.002253500700116981,0.998648738335236,0.207034897609496,0.018299999999999983,0.0,0.000712436548442108
ALC,25,9,0.0013599927078344581,0.0022907900519684482,0.9986036488780954,0.21740191242218798,0.02739999999999998,0.0,0.0018596197816717064
ALC,25,10,0.0013152067386793045,0.002159135863383367,0.9987595364608575,0.20991499115719606,0.02739999999999998,0.0,0.000601168931606777
ALC,25,11,0.0013490466344104651,0.002520293529670305,0.99830984587266,0.21272468534209843,0.02739999999999998,0.0,0.0005991428244409569
ALC,25,12,0.001323802232557052,0.002141469045585247,0.9987797532386534,0.21128669158738153,0.018299999999999983,0.0,0.001040112803917248
ALC,25,13,0.0011469610427092209,0.0019109950441630903,0.9990282754323403,0.18321185008887073,0.018299999999999983,0.0,0.00027619124842370724
ALC,25,14,0.0010028717843211074,0.001935443965603999,0.9990032522455984,0.1598999998561182,0.02739999999999998,0.0,0.0006008768295907574
ALC,25,15,0.0011381998042414353,0.0019423812794238402,0.9989960940487717,0.18150073540400377,0.02739999999999998,0.0,0.0005993928291084805
ALC,25,16,0.0014596544638267811,0.0028224711953882915,0.9978802575443478,0.22719595751981886,0.007600000000000051,1.0,0.008420987524930479
ALC,25,17,0.0015172559031129862,0.002531172517854061,0.9982952230906857,0.2402783285781199,0.02739999999999998,0.0,0.00034861463765178957
ALC,25,18,0.0013083509848644853,0.002200382787573046,0.9987116895206732,0.20799571549424758,0.0,0.0,0.004233514849654618
ALC,25,19,0.0016041060921734743,0.002552266931553264,0.9982666899764401,0.2521692779518545,0.0,0.0,9.564921481186595e-06
ALC,30,0,0.0012384130486504964,0.00227550792827865,0.9986222171728005,0.2003252283442686,0.02739999999999998,0.0,0.000598207148801766
ALC,30,1,0.0010755396974191005,0.0019267750841913882,0.9990121611443846,0.1712207362065684,0.018299999999999983,0.0,1.6556071732454214e-05
ALC,30,2,0.0010959613278290782,0.002103844935704689,0.9988222543328744,0.1720506901214079,0.02739999999999998,0.0,0.007998196365096799
ALC,30,3,0.0010900516914464419,0.0020936953953277857,0.9988335904758464,0.17207715690111094,0.02739999999999998,0.0,0.0005966975795688167
ALC,30,4,0.0009393523116216419,0.0017517713208848506,0.9991834573284368,0.1493083050308187,0.0,0.0,9.764425718095104e-06
ALC,30,5,0.0010734737778501546,0.0018732311952915737,0.9990663011487567,0.17113283598306778,0.0,0.0,1.0153895262821067e-05
ALC,30,6,0.0011054485508123861,0.0019324908019137956,0.9990062916656378,0.17752837426287843,0.018299999999999983,0.0,0.00469116163158434
ALC,30,7,0.0011308401415621673,0.0019799956585515523,0.9989568361287636,0.1800568022299273,0.018299999999999983,0.0,3.3138906680107993e-05
ALC,30,8,0.0010404770632332161,0.0018925570422591536,0.9990469361045746,0.16663995067772103,0.02739999999999998,0.0,0.0005974789205518416
ALC,30,9,0.0009915923340683582,0.0017086003020176433,0.9992232075086273,0.1567520317516447,0.02739999999999998,0.0,0.002246972187742058
ALC,30,10,0.0013314338916777153,0.0020979823776731852,0.9988288089815057,0.2128284303797311,0.02739999999999998,0.0,0.0006011795655047614
ALC,30,11,0.000989537046539403,0.001775665904065789,0.9991610297278003,0.15875746261905024,0.02739999999999998,0.0,0.0006030055105978871
ALC,30,12,0.0011045285797568532,0.0018636967387971486,0.9990757817247865,0.1758107157834141,0.02739999999999998,0.0,0.004085462635750714
ALC,30,13,0.0010165727647964626,0.0018942562126529829,0.9990452239818866,0.16249881153589268,0.018299999999999983,0.0,0.004690727616373347
ALC,30,14,0.0011167702040983639,0.002019912357411586,0.9989143518076099,0.17546210673478535,0.0,0.0,7.0237421800900535e-06
ALC,30,15,0.0008821471742687304,0.0015448566185205352,0.9993649609717433,0.14214358987133835,0.0,0.0,1.0684652983594667e-05
ALC,30,16,0.0012291416353717999,0.0020909803315473366,0.9988366136690838,0.1943163812506638,0.0,0.0,5.824265909115667e-06
ALC,30,17,0.0012579325093949624,0.00203405617666889,0.998899094737823,0.1986803199421237,0.0,0.0,1.378360662451783e-05
ALC,30,18,0.0010446564395560761,0.0018432215673555108,0.9990959776904326,0.16673849481155864,0.02739999999999998,0.0,0.0006022120219244531
ALC,30,19,0.0011959691990757223,0.0019881778320889657,0.9989481967324031,0.18761543732637512,0.0,0.0,5.3313773843433054e-06
