{
  "metadata": {
    "timestamp": "2025-10-31T15:50:39.139034",
    "total_experiments": 72,
    "samples_per_method": 15,
    "reduction_percentage": 79.16666666666666
  },
  "bep_ground_truth": {
    "discharge": 0.8185,
    "head": 16.0,
    "efficiency": 0.6973316950956769
  },
  "methods": {
    "Bayesian": {
      "mae": 0.008091450323313659,
      "rmse": 0.01202432260026999,
      "r2": 0.9615279525082434,
      "mape": 1.4194412961947456,
      "bep": {
        "discharge": 0.8185,
        "head": 16.0,
        "efficiency": 0.6973280286066204
      },
      "bep_error": {
        "discharge": 0.0,
        "head": 0.0,
        "efficiency": 3.666489056586286e-06
      }
    },
    "Random": {
      "mae": 0.003926827051213429,
      "rmse": 0.007780758850381507,
      "r2": 0.9838910226021902,
      "mape": 0.7096884071246714,
      "bep": {
        "discharge": 0.8185,
        "head": 16.0,
        "efficiency": 0.6973308465916948
      },
      "bep_error": {
        "discharge": 0.0,
        "head": 0.0,
        "efficiency": 8.485039821870544e-07
      }
    },
    "Grid": {
      "mae": 0.003585743260537802,
      "rmse": 0.005334253039271652,
      "r2": 0.9924286854724335,
      "mape": 0.5790895313092548,
      "bep": {
        "discharge": 0.8234,
        "head": 18.0,
        "efficiency": 0.6827492673788116
      },
      "bep_error": {
        "discharge": 0.0049000000000000155,
        "head": 2.0,
        "efficiency": 0.014582427716865354
      }
    },
    "LHS": {
      "mae": 0.002943497835609109,
      "rmse": 0.004856967271744229,
      "r2": 0.9937229669486236,
      "mape": 0.4611917124072691,
      "bep": {
        "discharge": 0.8109,
        "head": 17.0,
        "efficiency": 0.6889141103228826
      },
      "bep_error": {
        "discharge": 0.007600000000000051,
        "head": 1.0,
        "efficiency": 0.008417584772794307
      }
    }
  }
}